PassengerId;Survived;Pclass;Age;SibSp;Parch;Fare;IsAgeAvailable;SexNum;Embarked_S;Embarked_C;Embarked_Q
6;0;3;;0;0;8.4583;FAUX;1;FAUX;FAUX;VRAI
18;1;2;;0;0;13;FAUX;1;VRAI;FAUX;FAUX
20;1;3;;0;0;7.225;FAUX;0;FAUX;VRAI;FAUX
27;0;3;;0;0;7.225;FAUX;1;FAUX;VRAI;FAUX
29;1;3;;0;0;7.8792;FAUX;0;FAUX;FAUX;VRAI
30;0;3;;0;0;7.8958;FAUX;1;VRAI;FAUX;FAUX
32;1;1;;1;0;146.5208;FAUX;0;FAUX;VRAI;FAUX
33;1;3;;0;0;7.75;FAUX;0;FAUX;FAUX;VRAI
37;1;3;;0;0;7.2292;FAUX;1;FAUX;VRAI;FAUX
43;0;3;;0;0;7.8958;FAUX;1;FAUX;VRAI;FAUX
46;0;3;;0;0;8.05;FAUX;1;VRAI;FAUX;FAUX
47;0;3;;1;0;15.5;FAUX;1;FAUX;FAUX;VRAI
48;1;3;;0;0;7.75;FAUX;0;FAUX;FAUX;VRAI
49;0;3;;2;0;21.6792;FAUX;1;FAUX;VRAI;FAUX
56;1;1;;0;0;35.5;FAUX;1;VRAI;FAUX;FAUX
65;0;1;;0;0;27.7208;FAUX;1;FAUX;VRAI;FAUX
66;1;3;;1;1;15.2458;FAUX;1;FAUX;VRAI;FAUX
77;0;3;;0;0;7.8958;FAUX;1;VRAI;FAUX;FAUX
78;0;3;;0;0;8.05;FAUX;1;VRAI;FAUX;FAUX
83;1;3;;0;0;7.7875;FAUX;0;FAUX;FAUX;VRAI
88;0;3;;0;0;8.05;FAUX;1;VRAI;FAUX;FAUX
96;0;3;;0;0;8.05;FAUX;1;VRAI;FAUX;FAUX
102;0;3;;0;0;7.8958;FAUX;1;VRAI;FAUX;FAUX
108;1;3;;0;0;7.775;FAUX;1;VRAI;FAUX;FAUX
110;1;3;;1;0;24.15;FAUX;0;FAUX;FAUX;VRAI
122;0;3;;0;0;8.05;FAUX;1;VRAI;FAUX;FAUX
127;0;3;;0;0;7.75;FAUX;1;FAUX;FAUX;VRAI
129;1;3;;1;1;22.3583;FAUX;0;FAUX;VRAI;FAUX
141;0;3;;0;2;15.2458;FAUX;0;FAUX;VRAI;FAUX
155;0;3;;0;0;7.3125;FAUX;1;VRAI;FAUX;FAUX
159;0;3;;0;0;8.6625;FAUX;1;VRAI;FAUX;FAUX
160;0;3;;8;2;69.55;FAUX;1;VRAI;FAUX;FAUX
167;1;1;;0;1;55;FAUX;0;VRAI;FAUX;FAUX
169;0;1;;0;0;25.925;FAUX;1;VRAI;FAUX;FAUX
177;0;3;;3;1;25.4667;FAUX;1;VRAI;FAUX;FAUX
181;0;3;;8;2;69.55;FAUX;0;VRAI;FAUX;FAUX
182;0;2;;0;0;15.05;FAUX;1;FAUX;VRAI;FAUX
186;0;1;;0;0;50;FAUX;1;VRAI;FAUX;FAUX
187;1;3;;1;0;15.5;FAUX;0;FAUX;FAUX;VRAI
197;0;3;;0;0;7.75;FAUX;1;FAUX;FAUX;VRAI
199;1;3;;0;0;7.75;FAUX;0;FAUX;FAUX;VRAI
202;0;3;;8;2;69.55;FAUX;1;VRAI;FAUX;FAUX
215;0;3;;1;0;7.75;FAUX;1;FAUX;FAUX;VRAI
224;0;3;;0;0;7.8958;FAUX;1;VRAI;FAUX;FAUX
230;0;3;;3;1;25.4667;FAUX;0;VRAI;FAUX;FAUX
236;0;3;;0;0;7.55;FAUX;0;VRAI;FAUX;FAUX
241;0;3;;1;0;14.4542;FAUX;0;FAUX;VRAI;FAUX
242;1;3;;1;0;15.5;FAUX;0;FAUX;FAUX;VRAI
251;0;3;;0;0;7.25;FAUX;1;VRAI;FAUX;FAUX
257;1;1;;0;0;79.2;FAUX;0;FAUX;VRAI;FAUX
261;0;3;;0;0;7.75;FAUX;1;FAUX;FAUX;VRAI
265;0;3;;0;0;7.75;FAUX;0;FAUX;FAUX;VRAI
271;0;1;;0;0;31;FAUX;1;VRAI;FAUX;FAUX
275;1;3;;0;0;7.75;FAUX;0;FAUX;FAUX;VRAI
278;0;2;;0;0;0;FAUX;1;VRAI;FAUX;FAUX
285;0;1;;0;0;26;FAUX;1;VRAI;FAUX;FAUX
296;0;1;;0;0;27.7208;FAUX;1;FAUX;VRAI;FAUX
299;1;1;;0;0;30.5;FAUX;1;VRAI;FAUX;FAUX
301;1;3;;0;0;7.75;FAUX;0;FAUX;FAUX;VRAI
302;1;3;;2;0;23.25;FAUX;1;FAUX;FAUX;VRAI
304;1;2;;0;0;12.35;FAUX;0;FAUX;FAUX;VRAI
305;0;3;;0;0;8.05;FAUX;1;VRAI;FAUX;FAUX
307;1;1;;0;0;110.8833;FAUX;0;FAUX;VRAI;FAUX
325;0;3;;8;2;69.55;FAUX;1;VRAI;FAUX;FAUX
331;1;3;;2;0;23.25;FAUX;0;FAUX;FAUX;VRAI
335;1;1;;1;0;133.65;FAUX;0;VRAI;FAUX;FAUX
336;0;3;;0;0;7.8958;FAUX;1;VRAI;FAUX;FAUX
348;1;3;;1;0;16.1;FAUX;0;VRAI;FAUX;FAUX
352;0;1;;0;0;35;FAUX;1;VRAI;FAUX;FAUX
355;0;3;;0;0;7.225;FAUX;1;FAUX;VRAI;FAUX
359;1;3;;0;0;7.8792;FAUX;0;FAUX;FAUX;VRAI
360;1;3;;0;0;7.8792;FAUX;0;FAUX;FAUX;VRAI
365;0;3;;1;0;15.5;FAUX;1;FAUX;FAUX;VRAI
368;1;3;;0;0;7.2292;FAUX;0;FAUX;VRAI;FAUX
369;1;3;;0;0;7.75;FAUX;0;FAUX;FAUX;VRAI
376;1;1;;1;0;82.1708;FAUX;0;FAUX;VRAI;FAUX
385;0;3;;0;0;7.8958;FAUX;1;VRAI;FAUX;FAUX
389;0;3;;0;0;7.7292;FAUX;1;FAUX;FAUX;VRAI
410;0;3;;3;1;25.4667;FAUX;0;VRAI;FAUX;FAUX
411;0;3;;0;0;7.8958;FAUX;1;VRAI;FAUX;FAUX
412;0;3;;0;0;6.8583;FAUX;1;FAUX;FAUX;VRAI
414;0;2;;0;0;0;FAUX;1;VRAI;FAUX;FAUX
416;0;3;;0;0;8.05;FAUX;0;VRAI;FAUX;FAUX
421;0;3;;0;0;7.8958;FAUX;1;FAUX;VRAI;FAUX
426;0;3;;0;0;7.25;FAUX;1;VRAI;FAUX;FAUX
429;0;3;;0;0;7.75;FAUX;1;FAUX;FAUX;VRAI
432;1;3;;1;0;16.1;FAUX;0;VRAI;FAUX;FAUX
445;1;3;;0;0;8.1125;FAUX;1;VRAI;FAUX;FAUX
452;0;3;;1;0;19.9667;FAUX;1;VRAI;FAUX;FAUX
455;0;3;;0;0;8.05;FAUX;1;VRAI;FAUX;FAUX
458;1;1;;1;0;51.8625;FAUX;0;VRAI;FAUX;FAUX
460;0;3;;0;0;7.75;FAUX;1;FAUX;FAUX;VRAI
465;0;3;;0;0;8.05;FAUX;1;VRAI;FAUX;FAUX
467;0;2;;0;0;0;FAUX;1;VRAI;FAUX;FAUX
469;0;3;;0;0;7.725;FAUX;1;FAUX;FAUX;VRAI
471;0;3;;0;0;7.25;FAUX;1;VRAI;FAUX;FAUX
476;0;1;;0;0;52;FAUX;1;VRAI;FAUX;FAUX
482;0;2;;0;0;0;FAUX;1;VRAI;FAUX;FAUX
486;0;3;;3;1;25.4667;FAUX;0;VRAI;FAUX;FAUX
491;0;3;;1;0;19.9667;FAUX;1;VRAI;FAUX;FAUX
496;0;3;;0;0;14.4583;FAUX;1;FAUX;VRAI;FAUX
498;0;3;;0;0;15.1;FAUX;1;VRAI;FAUX;FAUX
503;0;3;;0;0;7.6292;FAUX;0;FAUX;FAUX;VRAI
508;1;1;;0;0;26.55;FAUX;1;VRAI;FAUX;FAUX
512;0;3;;0;0;8.05;FAUX;1;VRAI;FAUX;FAUX
518;0;3;;0;0;24.15;FAUX;1;FAUX;FAUX;VRAI
523;0;3;;0;0;7.225;FAUX;1;FAUX;VRAI;FAUX
525;0;3;;0;0;7.2292;FAUX;1;FAUX;VRAI;FAUX
528;0;1;;0;0;221.7792;FAUX;1;VRAI;FAUX;FAUX
532;0;3;;0;0;7.2292;FAUX;1;FAUX;VRAI;FAUX
534;1;3;;0;2;22.3583;FAUX;0;FAUX;VRAI;FAUX
539;0;3;;0;0;14.5;FAUX;1;VRAI;FAUX;FAUX
548;1;2;;0;0;13.8625;FAUX;1;FAUX;VRAI;FAUX
553;0;3;;0;0;7.8292;FAUX;1;FAUX;FAUX;VRAI
558;0;1;;0;0;227.525;FAUX;1;FAUX;VRAI;FAUX
561;0;3;;0;0;7.75;FAUX;1;FAUX;FAUX;VRAI
564;0;3;;0;0;8.05;FAUX;1;VRAI;FAUX;FAUX
565;0;3;;0;0;8.05;FAUX;0;VRAI;FAUX;FAUX
569;0;3;;0;0;7.2292;FAUX;1;FAUX;VRAI;FAUX
574;1;3;;0;0;7.75;FAUX;0;FAUX;FAUX;VRAI
579;0;3;;1;0;14.4583;FAUX;0;FAUX;VRAI;FAUX
585;0;3;;0;0;8.7125;FAUX;1;FAUX;VRAI;FAUX
590;0;3;;0;0;8.05;FAUX;1;VRAI;FAUX;FAUX
594;0;3;;0;2;7.75;FAUX;0;FAUX;FAUX;VRAI
597;1;2;;0;0;33;FAUX;0;VRAI;FAUX;FAUX
599;0;3;;0;0;7.225;FAUX;1;FAUX;VRAI;FAUX
602;0;3;;0;0;7.8958;FAUX;1;VRAI;FAUX;FAUX
603;0;1;;0;0;42.4;FAUX;1;VRAI;FAUX;FAUX
612;0;3;;0;0;7.05;FAUX;1;VRAI;FAUX;FAUX
613;1;3;;1;0;15.5;FAUX;0;FAUX;FAUX;VRAI
614;0;3;;0;0;7.75;FAUX;1;FAUX;FAUX;VRAI
630;0;3;;0;0;7.7333;FAUX;1;FAUX;FAUX;VRAI
634;0;1;;0;0;0;FAUX;1;VRAI;FAUX;FAUX
640;0;3;;1;0;16.1;FAUX;1;VRAI;FAUX;FAUX
644;1;3;;0;0;56.4958;FAUX;1;VRAI;FAUX;FAUX
649;0;3;;0;0;7.55;FAUX;1;VRAI;FAUX;FAUX
651;0;3;;0;0;7.8958;FAUX;1;VRAI;FAUX;FAUX
654;1;3;;0;0;7.8292;FAUX;0;FAUX;FAUX;VRAI
657;0;3;;0;0;7.8958;FAUX;1;VRAI;FAUX;FAUX
668;0;3;;0;0;7.775;FAUX;1;VRAI;FAUX;FAUX
670;1;1;;1;0;52;FAUX;0;VRAI;FAUX;FAUX
675;0;2;;0;0;0;FAUX;1;VRAI;FAUX;FAUX
681;0;3;;0;0;8.1375;FAUX;0;FAUX;FAUX;VRAI
693;1;3;;0;0;56.4958;FAUX;1;VRAI;FAUX;FAUX
698;1;3;;0;0;7.7333;FAUX;0;FAUX;FAUX;VRAI
710;1;3;;1;1;15.2458;FAUX;1;FAUX;VRAI;FAUX
712;0;1;;0;0;26.55;FAUX;1;VRAI;FAUX;FAUX
719;0;3;;0;0;15.5;FAUX;1;FAUX;FAUX;VRAI
728;1;3;;0;0;7.7375;FAUX;0;FAUX;FAUX;VRAI
733;0;2;;0;0;0;FAUX;1;VRAI;FAUX;FAUX
739;0;3;;0;0;7.8958;FAUX;1;VRAI;FAUX;FAUX
740;0;3;;0;0;7.8958;FAUX;1;VRAI;FAUX;FAUX
741;1;1;;0;0;30;FAUX;1;VRAI;FAUX;FAUX
761;0;3;;0;0;14.5;FAUX;1;VRAI;FAUX;FAUX
767;0;1;;0;0;39.6;FAUX;1;FAUX;VRAI;FAUX
769;0;3;;1;0;24.15;FAUX;1;FAUX;FAUX;VRAI
774;0;3;;0;0;7.225;FAUX;1;FAUX;VRAI;FAUX
777;0;3;;0;0;7.75;FAUX;1;FAUX;FAUX;VRAI
779;0;3;;0;0;7.7375;FAUX;1;FAUX;FAUX;VRAI
784;0;3;;1;2;23.45;FAUX;1;VRAI;FAUX;FAUX
791;0;3;;0;0;7.75;FAUX;1;FAUX;FAUX;VRAI
793;0;3;;8;2;69.55;FAUX;0;VRAI;FAUX;FAUX
794;0;1;;0;0;30.6958;FAUX;1;FAUX;VRAI;FAUX
816;0;1;;0;0;0;FAUX;1;VRAI;FAUX;FAUX
826;0;3;;0;0;6.95;FAUX;1;FAUX;FAUX;VRAI
827;0;3;;0;0;56.4958;FAUX;1;VRAI;FAUX;FAUX
829;1;3;;0;0;7.75;FAUX;1;FAUX;FAUX;VRAI
833;0;3;;0;0;7.2292;FAUX;1;FAUX;VRAI;FAUX
838;0;3;;0;0;8.05;FAUX;1;VRAI;FAUX;FAUX
840;1;1;;0;0;29.7;FAUX;1;FAUX;VRAI;FAUX
847;0;3;;8;2;69.55;FAUX;1;VRAI;FAUX;FAUX
850;1;1;;1;0;89.1042;FAUX;0;FAUX;VRAI;FAUX
860;0;3;;0;0;7.2292;FAUX;1;FAUX;VRAI;FAUX
864;0;3;;8;2;69.55;FAUX;0;VRAI;FAUX;FAUX
869;0;3;;0;0;9.5;FAUX;1;VRAI;FAUX;FAUX
879;0;3;;0;0;7.8958;FAUX;1;VRAI;FAUX;FAUX
889;0;3;;1;2;23.45;FAUX;0;VRAI;FAUX;FAUX
902;0;3;;0;0;7.8958;FAUX;1;VRAI;FAUX;FAUX
914;1;1;;0;0;31.6833;FAUX;0;VRAI;FAUX;FAUX
921;0;3;;2;0;21.6792;FAUX;1;FAUX;VRAI;FAUX
925;1;3;;1;2;23.45;FAUX;0;VRAI;FAUX;FAUX
928;1;3;;0;0;8.05;FAUX;0;VRAI;FAUX;FAUX
931;0;3;;0;0;56.4958;FAUX;1;VRAI;FAUX;FAUX
933;0;1;;0;0;26.55;FAUX;1;VRAI;FAUX;FAUX
939;0;3;;0;0;7.75;FAUX;1;FAUX;FAUX;VRAI
946;0;2;;0;0;15.5792;FAUX;1;FAUX;VRAI;FAUX
950;0;3;;1;0;16.1;FAUX;1;VRAI;FAUX;FAUX
957;1;2;;0;0;21;FAUX;0;VRAI;FAUX;FAUX
968;0;3;;0;0;8.05;FAUX;1;VRAI;FAUX;FAUX
975;0;3;;0;0;7.8958;FAUX;1;VRAI;FAUX;FAUX
976;0;2;;0;0;10.7083;FAUX;1;FAUX;FAUX;VRAI
977;0;3;;1;0;14.4542;FAUX;1;FAUX;VRAI;FAUX
980;1;3;;0;0;7.75;FAUX;0;FAUX;FAUX;VRAI
983;0;3;;0;0;7.775;FAUX;1;VRAI;FAUX;FAUX
985;0;3;;0;0;8.05;FAUX;1;VRAI;FAUX;FAUX
994;0;3;;0;0;7.75;FAUX;1;FAUX;FAUX;VRAI
999;0;3;;0;0;7.75;FAUX;1;FAUX;FAUX;VRAI
1000;0;3;;0;0;8.7125;FAUX;1;VRAI;FAUX;FAUX
1003;1;3;;0;0;7.7792;FAUX;0;FAUX;FAUX;VRAI
1008;0;3;;0;0;6.4375;FAUX;1;FAUX;VRAI;FAUX
1013;0;3;;1;0;7.75;FAUX;1;FAUX;FAUX;VRAI
1016;0;3;;0;0;7.75;FAUX;1;FAUX;FAUX;VRAI
1019;1;3;;2;0;23.25;FAUX;0;FAUX;FAUX;VRAI
1024;1;3;;0;4;25.4667;FAUX;0;VRAI;FAUX;FAUX
1025;0;3;;1;0;6.4375;FAUX;1;FAUX;VRAI;FAUX
1038;0;1;;0;0;51.8625;FAUX;1;VRAI;FAUX;FAUX
1040;0;1;;0;0;26.55;FAUX;1;VRAI;FAUX;FAUX
1043;0;3;;0;0;7.8958;FAUX;1;FAUX;VRAI;FAUX
1052;1;3;;0;0;7.7333;FAUX;0;FAUX;FAUX;VRAI
1055;0;3;;0;0;7;FAUX;1;VRAI;FAUX;FAUX
1060;1;1;;0;0;27.7208;FAUX;0;FAUX;VRAI;FAUX
1062;0;3;;0;0;7.55;FAUX;1;VRAI;FAUX;FAUX
1065;0;3;;0;0;7.2292;FAUX;1;FAUX;VRAI;FAUX
1075;0;3;;0;0;7.75;FAUX;1;FAUX;FAUX;VRAI
1080;1;3;;8;2;69.55;FAUX;0;VRAI;FAUX;FAUX
1083;0;1;;0;0;26;FAUX;1;VRAI;FAUX;FAUX
1091;1;3;;0;0;8.1125;FAUX;0;VRAI;FAUX;FAUX
1092;1;3;;0;0;15.5;FAUX;0;FAUX;FAUX;VRAI
1097;0;1;;0;0;25.7417;FAUX;1;FAUX;VRAI;FAUX
1103;0;3;;0;0;7.05;FAUX;1;VRAI;FAUX;FAUX
1108;1;3;;0;0;7.8792;FAUX;0;FAUX;FAUX;VRAI
1111;0;3;;0;0;8.05;FAUX;1;VRAI;FAUX;FAUX
1117;1;3;;0;2;15.2458;FAUX;0;FAUX;VRAI;FAUX
1119;1;3;;0;0;7.75;FAUX;0;FAUX;FAUX;VRAI
1125;0;3;;0;0;7.8792;FAUX;1;FAUX;FAUX;VRAI
1135;0;3;;0;0;7.8875;FAUX;1;VRAI;FAUX;FAUX
1136;0;3;;1;2;23.45;FAUX;1;VRAI;FAUX;FAUX
1141;1;3;;1;0;14.4542;FAUX;0;FAUX;VRAI;FAUX
1147;0;3;;0;0;7.55;FAUX;1;VRAI;FAUX;FAUX
1148;0;3;;0;0;7.75;FAUX;1;FAUX;FAUX;VRAI
1157;0;3;;0;0;7.8958;FAUX;1;VRAI;FAUX;FAUX
1158;0;1;;0;0;0;FAUX;1;VRAI;FAUX;FAUX
1159;0;3;;0;0;7.55;FAUX;1;VRAI;FAUX;FAUX
1160;1;3;;0;0;8.05;FAUX;0;VRAI;FAUX;FAUX
1163;0;3;;0;0;7.75;FAUX;1;FAUX;FAUX;VRAI
1165;1;3;;1;0;15.5;FAUX;0;FAUX;FAUX;VRAI
1166;0;3;;0;0;7.225;FAUX;1;FAUX;VRAI;FAUX
1174;1;3;;0;0;7.75;FAUX;0;FAUX;FAUX;VRAI
1178;0;3;;0;0;7.25;FAUX;1;VRAI;FAUX;FAUX
1180;0;3;;0;0;7.2292;FAUX;1;FAUX;VRAI;FAUX
1181;0;3;;0;0;8.05;FAUX;1;VRAI;FAUX;FAUX
1182;0;1;;0;0;39.6;FAUX;1;VRAI;FAUX;FAUX
1184;0;3;;0;0;7.2292;FAUX;1;FAUX;VRAI;FAUX
1189;0;3;;2;0;21.6792;FAUX;1;FAUX;VRAI;FAUX
1193;0;2;;0;0;15.0458;FAUX;1;FAUX;VRAI;FAUX
1196;1;3;;0;0;7.75;FAUX;0;FAUX;FAUX;VRAI
1204;0;3;;0;0;7.575;FAUX;1;VRAI;FAUX;FAUX
1224;0;3;;0;0;7.225;FAUX;1;FAUX;VRAI;FAUX
1231;0;3;;0;0;7.2292;FAUX;1;FAUX;VRAI;FAUX
1234;0;3;;1;9;69.55;FAUX;1;VRAI;FAUX;FAUX
1236;0;3;;1;1;14.5;FAUX;1;VRAI;FAUX;FAUX
1249;0;3;;0;0;7.8792;FAUX;1;VRAI;FAUX;FAUX
1250;0;3;;0;0;7.75;FAUX;1;FAUX;FAUX;VRAI
1257;1;3;;1;9;69.55;FAUX;0;VRAI;FAUX;FAUX
1258;0;3;;1;0;14.4583;FAUX;1;FAUX;VRAI;FAUX
1272;0;3;;0;0;7.75;FAUX;1;FAUX;FAUX;VRAI
1274;1;3;;0;0;14.5;FAUX;0;VRAI;FAUX;FAUX
1276;0;2;;0;0;12.875;FAUX;1;VRAI;FAUX;FAUX
1300;1;3;;0;0;7.7208;FAUX;0;FAUX;FAUX;VRAI
1302;1;3;;0;0;7.75;FAUX;0;FAUX;FAUX;VRAI
1305;0;3;;0;0;8.05;FAUX;1;VRAI;FAUX;FAUX
1308;0;3;;0;0;8.05;FAUX;1;VRAI;FAUX;FAUX
1309;0;3;;1;1;22.3583;FAUX;1;FAUX;VRAI;FAUX
