PassengerId;Survived;Pclass;Age;SibSp;Parch;Fare;IsAgeAvailable;SexNum;Embarked_S;Embarked_C;Embarked_Q
1;0;3;22;1;0;7,25;VRAI;1;VRAI;FAUX;FAUX
2;1;1;38;1;0;71,2833;VRAI;0;FAUX;VRAI;FAUX
3;1;3;26;0;0;7,925;VRAI;0;VRAI;FAUX;FAUX
4;1;1;35;1;0;53,1;VRAI;0;VRAI;FAUX;FAUX
5;0;3;35;0;0;8,05;VRAI;1;VRAI;FAUX;FAUX
6;0;3;;0;0;8,4583;FAUX;1;FAUX;FAUX;VRAI
7;0;1;54;0;0;51,8625;VRAI;1;VRAI;FAUX;FAUX
8;0;3;2;3;1;21,075;VRAI;1;VRAI;FAUX;FAUX
9;1;3;27;0;2;11,1333;VRAI;0;VRAI;FAUX;FAUX
10;1;2;14;1;0;30,0708;VRAI;0;FAUX;VRAI;FAUX
11;1;3;4;1;1;16,7;VRAI;0;VRAI;FAUX;FAUX
12;1;1;58;0;0;26,55;VRAI;0;VRAI;FAUX;FAUX
13;0;3;20;0;0;8,05;VRAI;1;VRAI;FAUX;FAUX
14;0;3;39;1;5;31,275;VRAI;1;VRAI;FAUX;FAUX
15;0;3;14;0;0;7,8542;VRAI;0;VRAI;FAUX;FAUX
16;1;2;55;0;0;16;VRAI;0;VRAI;FAUX;FAUX
17;0;3;2;4;1;29,125;VRAI;1;FAUX;FAUX;VRAI
18;1;2;;0;0;13;FAUX;1;VRAI;FAUX;FAUX
19;0;3;31;1;0;18;VRAI;0;VRAI;FAUX;FAUX
20;1;3;;0;0;7,225;FAUX;0;FAUX;VRAI;FAUX
21;0;2;35;0;0;26;VRAI;1;VRAI;FAUX;FAUX
22;1;2;34;0;0;13;VRAI;1;VRAI;FAUX;FAUX
23;1;3;15;0;0;8,0292;VRAI;0;FAUX;FAUX;VRAI
24;1;1;28;0;0;35,5;VRAI;1;VRAI;FAUX;FAUX
25;0;3;8;3;1;21,075;VRAI;0;VRAI;FAUX;FAUX
26;1;3;38;1;5;31,3875;VRAI;0;VRAI;FAUX;FAUX
27;0;3;;0;0;7,225;FAUX;1;FAUX;VRAI;FAUX
28;0;1;19;3;2;263;VRAI;1;VRAI;FAUX;FAUX
29;1;3;;0;0;7,8792;FAUX;0;FAUX;FAUX;VRAI
30;0;3;;0;0;7,8958;FAUX;1;VRAI;FAUX;FAUX
31;0;1;40;0;0;27,7208;VRAI;1;FAUX;VRAI;FAUX
32;1;1;;1;0;146,5208;FAUX;0;FAUX;VRAI;FAUX
33;1;3;;0;0;7,75;FAUX;0;FAUX;FAUX;VRAI
34;0;2;66;0;0;10,5;VRAI;1;VRAI;FAUX;FAUX
35;0;1;28;1;0;82,1708;VRAI;1;FAUX;VRAI;FAUX
36;0;1;42;1;0;52;VRAI;1;VRAI;FAUX;FAUX
37;1;3;;0;0;7,2292;FAUX;1;FAUX;VRAI;FAUX
38;0;3;21;0;0;8,05;VRAI;1;VRAI;FAUX;FAUX
39;0;3;18;2;0;18;VRAI;0;VRAI;FAUX;FAUX
40;1;3;14;1;0;11,2417;VRAI;0;FAUX;VRAI;FAUX
41;0;3;40;1;0;9,475;VRAI;0;VRAI;FAUX;FAUX
42;0;2;27;1;0;21;VRAI;0;VRAI;FAUX;FAUX
43;0;3;;0;0;7,8958;FAUX;1;FAUX;VRAI;FAUX
44;1;2;3;1;2;41,5792;VRAI;0;FAUX;VRAI;FAUX
45;1;3;19;0;0;7,8792;VRAI;0;FAUX;FAUX;VRAI
46;0;3;;0;0;8,05;FAUX;1;VRAI;FAUX;FAUX
47;0;3;;1;0;15,5;FAUX;1;FAUX;FAUX;VRAI
48;1;3;;0;0;7,75;FAUX;0;FAUX;FAUX;VRAI
49;0;3;;2;0;21,6792;FAUX;1;FAUX;VRAI;FAUX
50;0;3;18;1;0;17,8;VRAI;0;VRAI;FAUX;FAUX
51;0;3;7;4;1;39,6875;VRAI;1;VRAI;FAUX;FAUX
52;0;3;21;0;0;7,8;VRAI;1;VRAI;FAUX;FAUX
53;1;1;49;1;0;76,7292;VRAI;0;FAUX;VRAI;FAUX
54;1;2;29;1;0;26;VRAI;0;VRAI;FAUX;FAUX
55;0;1;65;0;1;61,9792;VRAI;1;FAUX;VRAI;FAUX
56;1;1;;0;0;35,5;FAUX;1;VRAI;FAUX;FAUX
57;1;2;21;0;0;10,5;VRAI;0;VRAI;FAUX;FAUX
58;0;3;28,5;0;0;7,2292;VRAI;1;FAUX;VRAI;FAUX
59;1;2;5;1;2;27,75;VRAI;0;VRAI;FAUX;FAUX
60;0;3;11;5;2;46,9;VRAI;1;VRAI;FAUX;FAUX
61;0;3;22;0;0;7,2292;VRAI;1;FAUX;VRAI;FAUX
62;1;1;38;0;0;80;VRAI;0;FAUX;FAUX;FAUX
63;0;1;45;1;0;83,475;VRAI;1;VRAI;FAUX;FAUX
64;0;3;4;3;2;27,9;VRAI;1;VRAI;FAUX;FAUX
65;0;1;;0;0;27,7208;FAUX;1;FAUX;VRAI;FAUX
66;1;3;;1;1;15,2458;FAUX;1;FAUX;VRAI;FAUX
67;1;2;29;0;0;10,5;VRAI;0;VRAI;FAUX;FAUX
68;0;3;19;0;0;8,1583;VRAI;1;VRAI;FAUX;FAUX
69;1;3;17;4;2;7,925;VRAI;0;VRAI;FAUX;FAUX
70;0;3;26;2;0;8,6625;VRAI;1;VRAI;FAUX;FAUX
71;0;2;32;0;0;10,5;VRAI;1;VRAI;FAUX;FAUX
72;0;3;16;5;2;46,9;VRAI;0;VRAI;FAUX;FAUX
73;0;2;21;0;0;73,5;VRAI;1;VRAI;FAUX;FAUX
74;0;3;26;1;0;14,4542;VRAI;1;FAUX;VRAI;FAUX
75;1;3;32;0;0;56,4958;VRAI;1;VRAI;FAUX;FAUX
76;0;3;25;0;0;7,65;VRAI;1;VRAI;FAUX;FAUX
77;0;3;;0;0;7,8958;FAUX;1;VRAI;FAUX;FAUX
78;0;3;;0;0;8,05;FAUX;1;VRAI;FAUX;FAUX
79;1;2;0,83;0;2;29;VRAI;1;VRAI;FAUX;FAUX
80;1;3;30;0;0;12,475;VRAI;0;VRAI;FAUX;FAUX
81;0;3;22;0;0;9;VRAI;1;VRAI;FAUX;FAUX
82;1;3;29;0;0;9,5;VRAI;1;VRAI;FAUX;FAUX
83;1;3;;0;0;7,7875;FAUX;0;FAUX;FAUX;VRAI
84;0;1;28;0;0;47,1;VRAI;1;VRAI;FAUX;FAUX
85;1;2;17;0;0;10,5;VRAI;0;VRAI;FAUX;FAUX
86;1;3;33;3;0;15,85;VRAI;0;VRAI;FAUX;FAUX
87;0;3;16;1;3;34,375;VRAI;1;VRAI;FAUX;FAUX
88;0;3;;0;0;8,05;FAUX;1;VRAI;FAUX;FAUX
89;1;1;23;3;2;263;VRAI;0;VRAI;FAUX;FAUX
90;0;3;24;0;0;8,05;VRAI;1;VRAI;FAUX;FAUX
91;0;3;29;0;0;8,05;VRAI;1;VRAI;FAUX;FAUX
92;0;3;20;0;0;7,8542;VRAI;1;VRAI;FAUX;FAUX
93;0;1;46;1;0;61,175;VRAI;1;VRAI;FAUX;FAUX
94;0;3;26;1;2;20,575;VRAI;1;VRAI;FAUX;FAUX
95;0;3;59;0;0;7,25;VRAI;1;VRAI;FAUX;FAUX
96;0;3;;0;0;8,05;FAUX;1;VRAI;FAUX;FAUX
97;0;1;71;0;0;34,6542;VRAI;1;FAUX;VRAI;FAUX
98;1;1;23;0;1;63,3583;VRAI;1;FAUX;VRAI;FAUX
99;1;2;34;0;1;23;VRAI;0;VRAI;FAUX;FAUX
100;0;2;34;1;0;26;VRAI;1;VRAI;FAUX;FAUX
101;0;3;28;0;0;7,8958;VRAI;0;VRAI;FAUX;FAUX
102;0;3;;0;0;7,8958;FAUX;1;VRAI;FAUX;FAUX
103;0;1;21;0;1;77,2875;VRAI;1;VRAI;FAUX;FAUX
104;0;3;33;0;0;8,6542;VRAI;1;VRAI;FAUX;FAUX
105;0;3;37;2;0;7,925;VRAI;1;VRAI;FAUX;FAUX
106;0;3;28;0;0;7,8958;VRAI;1;VRAI;FAUX;FAUX
107;1;3;21;0;0;7,65;VRAI;0;VRAI;FAUX;FAUX
108;1;3;;0;0;7,775;FAUX;1;VRAI;FAUX;FAUX
109;0;3;38;0;0;7,8958;VRAI;1;VRAI;FAUX;FAUX
110;1;3;;1;0;24,15;FAUX;0;FAUX;FAUX;VRAI
111;0;1;47;0;0;52;VRAI;1;VRAI;FAUX;FAUX
112;0;3;14,5;1;0;14,4542;VRAI;0;FAUX;VRAI;FAUX
113;0;3;22;0;0;8,05;VRAI;1;VRAI;FAUX;FAUX
114;0;3;20;1;0;9,825;VRAI;0;VRAI;FAUX;FAUX
115;0;3;17;0;0;14,4583;VRAI;0;FAUX;VRAI;FAUX
116;0;3;21;0;0;7,925;VRAI;1;VRAI;FAUX;FAUX
117;0;3;70,5;0;0;7,75;VRAI;1;FAUX;FAUX;VRAI
118;0;2;29;1;0;21;VRAI;1;VRAI;FAUX;FAUX
119;0;1;24;0;1;247,5208;VRAI;1;FAUX;VRAI;FAUX
120;0;3;2;4;2;31,275;VRAI;0;VRAI;FAUX;FAUX
121;0;2;21;2;0;73,5;VRAI;1;VRAI;FAUX;FAUX
122;0;3;;0;0;8,05;FAUX;1;VRAI;FAUX;FAUX
123;0;2;32,5;1;0;30,0708;VRAI;1;FAUX;VRAI;FAUX
124;1;2;32,5;0;0;13;VRAI;0;VRAI;FAUX;FAUX
125;0;1;54;0;1;77,2875;VRAI;1;VRAI;FAUX;FAUX
126;1;3;12;1;0;11,2417;VRAI;1;FAUX;VRAI;FAUX
127;0;3;;0;0;7,75;FAUX;1;FAUX;FAUX;VRAI
128;1;3;24;0;0;7,1417;VRAI;1;VRAI;FAUX;FAUX
129;1;3;;1;1;22,3583;FAUX;0;FAUX;VRAI;FAUX
130;0;3;45;0;0;6,975;VRAI;1;VRAI;FAUX;FAUX
131;0;3;33;0;0;7,8958;VRAI;1;FAUX;VRAI;FAUX
132;0;3;20;0;0;7,05;VRAI;1;VRAI;FAUX;FAUX
133;0;3;47;1;0;14,5;VRAI;0;VRAI;FAUX;FAUX
134;1;2;29;1;0;26;VRAI;0;VRAI;FAUX;FAUX
135;0;2;25;0;0;13;VRAI;1;VRAI;FAUX;FAUX
136;0;2;23;0;0;15,0458;VRAI;1;FAUX;VRAI;FAUX
137;1;1;19;0;2;26,2833;VRAI;0;VRAI;FAUX;FAUX
138;0;1;37;1;0;53,1;VRAI;1;VRAI;FAUX;FAUX
139;0;3;16;0;0;9,2167;VRAI;1;VRAI;FAUX;FAUX
140;0;1;24;0;0;79,2;VRAI;1;FAUX;VRAI;FAUX
141;0;3;;0;2;15,2458;FAUX;0;FAUX;VRAI;FAUX
142;1;3;22;0;0;7,75;VRAI;0;VRAI;FAUX;FAUX
143;1;3;24;1;0;15,85;VRAI;0;VRAI;FAUX;FAUX
144;0;3;19;0;0;6,75;VRAI;1;FAUX;FAUX;VRAI
145;0;2;18;0;0;11,5;VRAI;1;VRAI;FAUX;FAUX
146;0;2;19;1;1;36,75;VRAI;1;VRAI;FAUX;FAUX
147;1;3;27;0;0;7,7958;VRAI;1;VRAI;FAUX;FAUX
148;0;3;9;2;2;34,375;VRAI;0;VRAI;FAUX;FAUX
149;0;2;36,5;0;2;26;VRAI;1;VRAI;FAUX;FAUX
150;0;2;42;0;0;13;VRAI;1;VRAI;FAUX;FAUX
151;0;2;51;0;0;12,525;VRAI;1;VRAI;FAUX;FAUX
152;1;1;22;1;0;66,6;VRAI;0;VRAI;FAUX;FAUX
153;0;3;55,5;0;0;8,05;VRAI;1;VRAI;FAUX;FAUX
154;0;3;40,5;0;2;14,5;VRAI;1;VRAI;FAUX;FAUX
155;0;3;;0;0;7,3125;FAUX;1;VRAI;FAUX;FAUX
156;0;1;51;0;1;61,3792;VRAI;1;FAUX;VRAI;FAUX
157;1;3;16;0;0;7,7333;VRAI;0;FAUX;FAUX;VRAI
158;0;3;30;0;0;8,05;VRAI;1;VRAI;FAUX;FAUX
159;0;3;;0;0;8,6625;FAUX;1;VRAI;FAUX;FAUX
160;0;3;;8;2;69,55;FAUX;1;VRAI;FAUX;FAUX
161;0;3;44;0;1;16,1;VRAI;1;VRAI;FAUX;FAUX
162;1;2;40;0;0;15,75;VRAI;0;VRAI;FAUX;FAUX
163;0;3;26;0;0;7,775;VRAI;1;VRAI;FAUX;FAUX
164;0;3;17;0;0;8,6625;VRAI;1;VRAI;FAUX;FAUX
165;0;3;1;4;1;39,6875;VRAI;1;VRAI;FAUX;FAUX
166;1;3;9;0;2;20,525;VRAI;1;VRAI;FAUX;FAUX
167;1;1;;0;1;55;FAUX;0;VRAI;FAUX;FAUX
168;0;3;45;1;4;27,9;VRAI;0;VRAI;FAUX;FAUX
169;0;1;;0;0;25,925;FAUX;1;VRAI;FAUX;FAUX
170;0;3;28;0;0;56,4958;VRAI;1;VRAI;FAUX;FAUX
171;0;1;61;0;0;33,5;VRAI;1;VRAI;FAUX;FAUX
172;0;3;4;4;1;29,125;VRAI;1;FAUX;FAUX;VRAI
173;1;3;1;1;1;11,1333;VRAI;0;VRAI;FAUX;FAUX
174;0;3;21;0;0;7,925;VRAI;1;VRAI;FAUX;FAUX
175;0;1;56;0;0;30,6958;VRAI;1;FAUX;VRAI;FAUX
176;0;3;18;1;1;7,8542;VRAI;1;VRAI;FAUX;FAUX
177;0;3;;3;1;25,4667;FAUX;1;VRAI;FAUX;FAUX
178;0;1;50;0;0;28,7125;VRAI;0;FAUX;VRAI;FAUX
179;0;2;30;0;0;13;VRAI;1;VRAI;FAUX;FAUX
180;0;3;36;0;0;0;VRAI;1;VRAI;FAUX;FAUX
181;0;3;;8;2;69,55;FAUX;0;VRAI;FAUX;FAUX
182;0;2;;0;0;15,05;FAUX;1;FAUX;VRAI;FAUX
183;0;3;9;4;2;31,3875;VRAI;1;VRAI;FAUX;FAUX
184;1;2;1;2;1;39;VRAI;1;VRAI;FAUX;FAUX
185;1;3;4;0;2;22,025;VRAI;0;VRAI;FAUX;FAUX
186;0;1;;0;0;50;FAUX;1;VRAI;FAUX;FAUX
187;1;3;;1;0;15,5;FAUX;0;FAUX;FAUX;VRAI
188;1;1;45;0;0;26,55;VRAI;1;VRAI;FAUX;FAUX
189;0;3;40;1;1;15,5;VRAI;1;FAUX;FAUX;VRAI
190;0;3;36;0;0;7,8958;VRAI;1;VRAI;FAUX;FAUX
191;1;2;32;0;0;13;VRAI;0;VRAI;FAUX;FAUX
192;0;2;19;0;0;13;VRAI;1;VRAI;FAUX;FAUX
193;1;3;19;1;0;7,8542;VRAI;0;VRAI;FAUX;FAUX
194;1;2;3;1;1;26;VRAI;1;VRAI;FAUX;FAUX
195;1;1;44;0;0;27,7208;VRAI;0;FAUX;VRAI;FAUX
196;1;1;58;0;0;146,5208;VRAI;0;FAUX;VRAI;FAUX
197;0;3;;0;0;7,75;FAUX;1;FAUX;FAUX;VRAI
198;0;3;42;0;1;8,4042;VRAI;1;VRAI;FAUX;FAUX
199;1;3;;0;0;7,75;FAUX;0;FAUX;FAUX;VRAI
200;0;2;24;0;0;13;VRAI;0;VRAI;FAUX;FAUX
201;0;3;28;0;0;9,5;VRAI;1;VRAI;FAUX;FAUX
202;0;3;;8;2;69,55;FAUX;1;VRAI;FAUX;FAUX
203;0;3;34;0;0;6,4958;VRAI;1;VRAI;FAUX;FAUX
204;0;3;45,5;0;0;7,225;VRAI;1;FAUX;VRAI;FAUX
205;1;3;18;0;0;8,05;VRAI;1;VRAI;FAUX;FAUX
206;0;3;2;0;1;10,4625;VRAI;0;VRAI;FAUX;FAUX
207;0;3;32;1;0;15,85;VRAI;1;VRAI;FAUX;FAUX
208;1;3;26;0;0;18,7875;VRAI;1;FAUX;VRAI;FAUX
209;1;3;16;0;0;7,75;VRAI;0;FAUX;FAUX;VRAI
210;1;1;40;0;0;31;VRAI;1;FAUX;VRAI;FAUX
211;0;3;24;0;0;7,05;VRAI;1;VRAI;FAUX;FAUX
212;1;2;35;0;0;21;VRAI;0;VRAI;FAUX;FAUX
213;0;3;22;0;0;7,25;VRAI;1;VRAI;FAUX;FAUX
214;0;2;30;0;0;13;VRAI;1;VRAI;FAUX;FAUX
215;0;3;;1;0;7,75;FAUX;1;FAUX;FAUX;VRAI
216;1;1;31;1;0;113,275;VRAI;0;FAUX;VRAI;FAUX
217;1;3;27;0;0;7,925;VRAI;0;VRAI;FAUX;FAUX
218;0;2;42;1;0;27;VRAI;1;VRAI;FAUX;FAUX
219;1;1;32;0;0;76,2917;VRAI;0;FAUX;VRAI;FAUX
220;0;2;30;0;0;10,5;VRAI;1;VRAI;FAUX;FAUX
221;1;3;16;0;0;8,05;VRAI;1;VRAI;FAUX;FAUX
222;0;2;27;0;0;13;VRAI;1;VRAI;FAUX;FAUX
223;0;3;51;0;0;8,05;VRAI;1;VRAI;FAUX;FAUX
224;0;3;;0;0;7,8958;FAUX;1;VRAI;FAUX;FAUX
225;1;1;38;1;0;90;VRAI;1;VRAI;FAUX;FAUX
226;0;3;22;0;0;9,35;VRAI;1;VRAI;FAUX;FAUX
227;1;2;19;0;0;10,5;VRAI;1;VRAI;FAUX;FAUX
228;0;3;20,5;0;0;7,25;VRAI;1;VRAI;FAUX;FAUX
229;0;2;18;0;0;13;VRAI;1;VRAI;FAUX;FAUX
230;0;3;;3;1;25,4667;FAUX;0;VRAI;FAUX;FAUX
231;1;1;35;1;0;83,475;VRAI;0;VRAI;FAUX;FAUX
232;0;3;29;0;0;7,775;VRAI;1;VRAI;FAUX;FAUX
233;0;2;59;0;0;13,5;VRAI;1;VRAI;FAUX;FAUX
234;1;3;5;4;2;31,3875;VRAI;0;VRAI;FAUX;FAUX
235;0;2;24;0;0;10,5;VRAI;1;VRAI;FAUX;FAUX
236;0;3;;0;0;7,55;FAUX;0;VRAI;FAUX;FAUX
237;0;2;44;1;0;26;VRAI;1;VRAI;FAUX;FAUX
238;1;2;8;0;2;26,25;VRAI;0;VRAI;FAUX;FAUX
239;0;2;19;0;0;10,5;VRAI;1;VRAI;FAUX;FAUX
240;0;2;33;0;0;12,275;VRAI;1;VRAI;FAUX;FAUX
241;0;3;;1;0;14,4542;FAUX;0;FAUX;VRAI;FAUX
242;1;3;;1;0;15,5;FAUX;0;FAUX;FAUX;VRAI
243;0;2;29;0;0;10,5;VRAI;1;VRAI;FAUX;FAUX
244;0;3;22;0;0;7,125;VRAI;1;VRAI;FAUX;FAUX
245;0;3;30;0;0;7,225;VRAI;1;FAUX;VRAI;FAUX
246;0;1;44;2;0;90;VRAI;1;FAUX;FAUX;VRAI
247;0;3;25;0;0;7,775;VRAI;0;VRAI;FAUX;FAUX
248;1;2;24;0;2;14,5;VRAI;0;VRAI;FAUX;FAUX
249;1;1;37;1;1;52,5542;VRAI;1;VRAI;FAUX;FAUX
250;0;2;54;1;0;26;VRAI;1;VRAI;FAUX;FAUX
251;0;3;;0;0;7,25;FAUX;1;VRAI;FAUX;FAUX
252;0;3;29;1;1;10,4625;VRAI;0;VRAI;FAUX;FAUX
253;0;1;62;0;0;26,55;VRAI;1;VRAI;FAUX;FAUX
254;0;3;30;1;0;16,1;VRAI;1;VRAI;FAUX;FAUX
255;0;3;41;0;2;20,2125;VRAI;0;VRAI;FAUX;FAUX
256;1;3;29;0;2;15,2458;VRAI;0;FAUX;VRAI;FAUX
257;1;1;;0;0;79,2;FAUX;0;FAUX;VRAI;FAUX
258;1;1;30;0;0;86,5;VRAI;0;VRAI;FAUX;FAUX
259;1;1;35;0;0;512,3292;VRAI;0;FAUX;VRAI;FAUX
260;1;2;50;0;1;26;VRAI;0;VRAI;FAUX;FAUX
261;0;3;;0;0;7,75;FAUX;1;FAUX;FAUX;VRAI
262;1;3;3;4;2;31,3875;VRAI;1;VRAI;FAUX;FAUX
263;0;1;52;1;1;79,65;VRAI;1;VRAI;FAUX;FAUX
264;0;1;40;0;0;0;VRAI;1;VRAI;FAUX;FAUX
265;0;3;;0;0;7,75;FAUX;0;FAUX;FAUX;VRAI
266;0;2;36;0;0;10,5;VRAI;1;VRAI;FAUX;FAUX
267;0;3;16;4;1;39,6875;VRAI;1;VRAI;FAUX;FAUX
268;1;3;25;1;0;7,775;VRAI;1;VRAI;FAUX;FAUX
269;1;1;58;0;1;153,4625;VRAI;0;VRAI;FAUX;FAUX
270;1;1;35;0;0;135,6333;VRAI;0;VRAI;FAUX;FAUX
271;0;1;;0;0;31;FAUX;1;VRAI;FAUX;FAUX
272;1;3;25;0;0;0;VRAI;1;VRAI;FAUX;FAUX
273;1;2;41;0;1;19,5;VRAI;0;VRAI;FAUX;FAUX
274;0;1;37;0;1;29,7;VRAI;1;FAUX;VRAI;FAUX
275;1;3;;0;0;7,75;FAUX;0;FAUX;FAUX;VRAI
276;1;1;63;1;0;77,9583;VRAI;0;VRAI;FAUX;FAUX
277;0;3;45;0;0;7,75;VRAI;0;VRAI;FAUX;FAUX
278;0;2;;0;0;0;FAUX;1;VRAI;FAUX;FAUX
279;0;3;7;4;1;29,125;VRAI;1;FAUX;FAUX;VRAI
280;1;3;35;1;1;20,25;VRAI;0;VRAI;FAUX;FAUX
281;0;3;65;0;0;7,75;VRAI;1;FAUX;FAUX;VRAI
282;0;3;28;0;0;7,8542;VRAI;1;VRAI;FAUX;FAUX
283;0;3;16;0;0;9,5;VRAI;1;VRAI;FAUX;FAUX
284;1;3;19;0;0;8,05;VRAI;1;VRAI;FAUX;FAUX
285;0;1;;0;0;26;FAUX;1;VRAI;FAUX;FAUX
286;0;3;33;0;0;8,6625;VRAI;1;FAUX;VRAI;FAUX
287;1;3;30;0;0;9,5;VRAI;1;VRAI;FAUX;FAUX
288;0;3;22;0;0;7,8958;VRAI;1;VRAI;FAUX;FAUX
289;1;2;42;0;0;13;VRAI;1;VRAI;FAUX;FAUX
290;1;3;22;0;0;7,75;VRAI;0;FAUX;FAUX;VRAI
291;1;1;26;0;0;78,85;VRAI;0;VRAI;FAUX;FAUX
292;1;1;19;1;0;91,0792;VRAI;0;FAUX;VRAI;FAUX
293;0;2;36;0;0;12,875;VRAI;1;FAUX;VRAI;FAUX
294;0;3;24;0;0;8,85;VRAI;0;VRAI;FAUX;FAUX
295;0;3;24;0;0;7,8958;VRAI;1;VRAI;FAUX;FAUX
296;0;1;;0;0;27,7208;FAUX;1;FAUX;VRAI;FAUX
297;0;3;23,5;0;0;7,2292;VRAI;1;FAUX;VRAI;FAUX
298;0;1;2;1;2;151,55;VRAI;0;VRAI;FAUX;FAUX
299;1;1;;0;0;30,5;FAUX;1;VRAI;FAUX;FAUX
300;1;1;50;0;1;247,5208;VRAI;0;FAUX;VRAI;FAUX
301;1;3;;0;0;7,75;FAUX;0;FAUX;FAUX;VRAI
302;1;3;;2;0;23,25;FAUX;1;FAUX;FAUX;VRAI
303;0;3;19;0;0;0;VRAI;1;VRAI;FAUX;FAUX
304;1;2;;0;0;12,35;FAUX;0;FAUX;FAUX;VRAI
305;0;3;;0;0;8,05;FAUX;1;VRAI;FAUX;FAUX
306;1;1;0,92;1;2;151,55;VRAI;1;VRAI;FAUX;FAUX
307;1;1;;0;0;110,8833;FAUX;0;FAUX;VRAI;FAUX
308;1;1;17;1;0;108,9;VRAI;0;FAUX;VRAI;FAUX
309;0;2;30;1;0;24;VRAI;1;FAUX;VRAI;FAUX
310;1;1;30;0;0;56,9292;VRAI;0;FAUX;VRAI;FAUX
311;1;1;24;0;0;83,1583;VRAI;0;FAUX;VRAI;FAUX
312;1;1;18;2;2;262,375;VRAI;0;FAUX;VRAI;FAUX
313;0;2;26;1;1;26;VRAI;0;VRAI;FAUX;FAUX
314;0;3;28;0;0;7,8958;VRAI;1;VRAI;FAUX;FAUX
315;0;2;43;1;1;26,25;VRAI;1;VRAI;FAUX;FAUX
316;1;3;26;0;0;7,8542;VRAI;0;VRAI;FAUX;FAUX
317;1;2;24;1;0;26;VRAI;0;VRAI;FAUX;FAUX
318;0;2;54;0;0;14;VRAI;1;VRAI;FAUX;FAUX
319;1;1;31;0;2;164,8667;VRAI;0;VRAI;FAUX;FAUX
320;1;1;40;1;1;134,5;VRAI;0;FAUX;VRAI;FAUX
321;0;3;22;0;0;7,25;VRAI;1;VRAI;FAUX;FAUX
322;0;3;27;0;0;7,8958;VRAI;1;VRAI;FAUX;FAUX
323;1;2;30;0;0;12,35;VRAI;0;FAUX;FAUX;VRAI
324;1;2;22;1;1;29;VRAI;0;VRAI;FAUX;FAUX
325;0;3;;8;2;69,55;FAUX;1;VRAI;FAUX;FAUX
326;1;1;36;0;0;135,6333;VRAI;0;FAUX;VRAI;FAUX
327;0;3;61;0;0;6,2375;VRAI;1;VRAI;FAUX;FAUX
328;1;2;36;0;0;13;VRAI;0;VRAI;FAUX;FAUX
329;1;3;31;1;1;20,525;VRAI;0;VRAI;FAUX;FAUX
330;1;1;16;0;1;57,9792;VRAI;0;FAUX;VRAI;FAUX
331;1;3;;2;0;23,25;FAUX;0;FAUX;FAUX;VRAI
332;0;1;45,5;0;0;28,5;VRAI;1;VRAI;FAUX;FAUX
333;0;1;38;0;1;153,4625;VRAI;1;VRAI;FAUX;FAUX
334;0;3;16;2;0;18;VRAI;1;VRAI;FAUX;FAUX
335;1;1;;1;0;133,65;FAUX;0;VRAI;FAUX;FAUX
336;0;3;;0;0;7,8958;FAUX;1;VRAI;FAUX;FAUX
337;0;1;29;1;0;66,6;VRAI;1;VRAI;FAUX;FAUX
338;1;1;41;0;0;134,5;VRAI;0;FAUX;VRAI;FAUX
339;1;3;45;0;0;8,05;VRAI;1;VRAI;FAUX;FAUX
340;0;1;45;0;0;35,5;VRAI;1;VRAI;FAUX;FAUX
341;1;2;2;1;1;26;VRAI;1;VRAI;FAUX;FAUX
342;1;1;24;3;2;263;VRAI;0;VRAI;FAUX;FAUX
343;0;2;28;0;0;13;VRAI;1;VRAI;FAUX;FAUX
344;0;2;25;0;0;13;VRAI;1;VRAI;FAUX;FAUX
345;0;2;36;0;0;13;VRAI;1;VRAI;FAUX;FAUX
346;1;2;24;0;0;13;VRAI;0;VRAI;FAUX;FAUX
347;1;2;40;0;0;13;VRAI;0;VRAI;FAUX;FAUX
348;1;3;;1;0;16,1;FAUX;0;VRAI;FAUX;FAUX
349;1;3;3;1;1;15,9;VRAI;1;VRAI;FAUX;FAUX
350;0;3;42;0;0;8,6625;VRAI;1;VRAI;FAUX;FAUX
351;0;3;23;0;0;9,225;VRAI;1;VRAI;FAUX;FAUX
352;0;1;;0;0;35;FAUX;1;VRAI;FAUX;FAUX
353;0;3;15;1;1;7,2292;VRAI;1;FAUX;VRAI;FAUX
354;0;3;25;1;0;17,8;VRAI;1;VRAI;FAUX;FAUX
355;0;3;;0;0;7,225;FAUX;1;FAUX;VRAI;FAUX
356;0;3;28;0;0;9,5;VRAI;1;VRAI;FAUX;FAUX
357;1;1;22;0;1;55;VRAI;0;VRAI;FAUX;FAUX
358;0;2;38;0;0;13;VRAI;0;VRAI;FAUX;FAUX
359;1;3;;0;0;7,8792;FAUX;0;FAUX;FAUX;VRAI
360;1;3;;0;0;7,8792;FAUX;0;FAUX;FAUX;VRAI
361;0;3;40;1;4;27,9;VRAI;1;VRAI;FAUX;FAUX
362;0;2;29;1;0;27,7208;VRAI;1;FAUX;VRAI;FAUX
363;0;3;45;0;1;14,4542;VRAI;0;FAUX;VRAI;FAUX
364;0;3;35;0;0;7,05;VRAI;1;VRAI;FAUX;FAUX
365;0;3;;1;0;15,5;FAUX;1;FAUX;FAUX;VRAI
366;0;3;30;0;0;7,25;VRAI;1;VRAI;FAUX;FAUX
367;1;1;60;1;0;75,25;VRAI;0;FAUX;VRAI;FAUX
368;1;3;;0;0;7,2292;FAUX;0;FAUX;VRAI;FAUX
369;1;3;;0;0;7,75;FAUX;0;FAUX;FAUX;VRAI
370;1;1;24;0;0;69,3;VRAI;0;FAUX;VRAI;FAUX
371;1;1;25;1;0;55,4417;VRAI;1;FAUX;VRAI;FAUX
372;0;3;18;1;0;6,4958;VRAI;1;VRAI;FAUX;FAUX
373;0;3;19;0;0;8,05;VRAI;1;VRAI;FAUX;FAUX
374;0;1;22;0;0;135,6333;VRAI;1;FAUX;VRAI;FAUX
375;0;3;3;3;1;21,075;VRAI;0;VRAI;FAUX;FAUX
376;1;1;;1;0;82,1708;FAUX;0;FAUX;VRAI;FAUX
377;1;3;22;0;0;7,25;VRAI;0;VRAI;FAUX;FAUX
378;0;1;27;0;2;211,5;VRAI;1;FAUX;VRAI;FAUX
379;0;3;20;0;0;4,0125;VRAI;1;FAUX;VRAI;FAUX
380;0;3;19;0;0;7,775;VRAI;1;VRAI;FAUX;FAUX
381;1;1;42;0;0;227,525;VRAI;0;FAUX;VRAI;FAUX
382;1;3;1;0;2;15,7417;VRAI;0;FAUX;VRAI;FAUX
383;0;3;32;0;0;7,925;VRAI;1;VRAI;FAUX;FAUX
384;1;1;35;1;0;52;VRAI;0;VRAI;FAUX;FAUX
385;0;3;;0;0;7,8958;FAUX;1;VRAI;FAUX;FAUX
386;0;2;18;0;0;73,5;VRAI;1;VRAI;FAUX;FAUX
387;0;3;1;5;2;46,9;VRAI;1;VRAI;FAUX;FAUX
388;1;2;36;0;0;13;VRAI;0;VRAI;FAUX;FAUX
389;0;3;;0;0;7,7292;FAUX;1;FAUX;FAUX;VRAI
390;1;2;17;0;0;12;VRAI;0;FAUX;VRAI;FAUX
391;1;1;36;1;2;120;VRAI;1;VRAI;FAUX;FAUX
392;1;3;21;0;0;7,7958;VRAI;1;VRAI;FAUX;FAUX
393;0;3;28;2;0;7,925;VRAI;1;VRAI;FAUX;FAUX
394;1;1;23;1;0;113,275;VRAI;0;FAUX;VRAI;FAUX
395;1;3;24;0;2;16,7;VRAI;0;VRAI;FAUX;FAUX
396;0;3;22;0;0;7,7958;VRAI;1;VRAI;FAUX;FAUX
397;0;3;31;0;0;7,8542;VRAI;0;VRAI;FAUX;FAUX
398;0;2;46;0;0;26;VRAI;1;VRAI;FAUX;FAUX
399;0;2;23;0;0;10,5;VRAI;1;VRAI;FAUX;FAUX
400;1;2;28;0;0;12,65;VRAI;0;VRAI;FAUX;FAUX
401;1;3;39;0;0;7,925;VRAI;1;VRAI;FAUX;FAUX
402;0;3;26;0;0;8,05;VRAI;1;VRAI;FAUX;FAUX
403;0;3;21;1;0;9,825;VRAI;0;VRAI;FAUX;FAUX
404;0;3;28;1;0;15,85;VRAI;1;VRAI;FAUX;FAUX
405;0;3;20;0;0;8,6625;VRAI;0;VRAI;FAUX;FAUX
406;0;2;34;1;0;21;VRAI;1;VRAI;FAUX;FAUX
407;0;3;51;0;0;7,75;VRAI;1;VRAI;FAUX;FAUX
408;1;2;3;1;1;18,75;VRAI;1;VRAI;FAUX;FAUX
409;0;3;21;0;0;7,775;VRAI;1;VRAI;FAUX;FAUX
410;0;3;;3;1;25,4667;FAUX;0;VRAI;FAUX;FAUX
411;0;3;;0;0;7,8958;FAUX;1;VRAI;FAUX;FAUX
412;0;3;;0;0;6,8583;FAUX;1;FAUX;FAUX;VRAI
413;1;1;33;1;0;90;VRAI;0;FAUX;FAUX;VRAI
414;0;2;;0;0;0;FAUX;1;VRAI;FAUX;FAUX
415;1;3;44;0;0;7,925;VRAI;1;VRAI;FAUX;FAUX
416;0;3;;0;0;8,05;FAUX;0;VRAI;FAUX;FAUX
417;1;2;34;1;1;32,5;VRAI;0;VRAI;FAUX;FAUX
418;1;2;18;0;2;13;VRAI;0;VRAI;FAUX;FAUX
419;0;2;30;0;0;13;VRAI;1;VRAI;FAUX;FAUX
420;0;3;10;0;2;24,15;VRAI;0;VRAI;FAUX;FAUX
421;0;3;;0;0;7,8958;FAUX;1;FAUX;VRAI;FAUX
422;0;3;21;0;0;7,7333;VRAI;1;FAUX;FAUX;VRAI
423;0;3;29;0;0;7,875;VRAI;1;VRAI;FAUX;FAUX
424;0;3;28;1;1;14,4;VRAI;0;VRAI;FAUX;FAUX
425;0;3;18;1;1;20,2125;VRAI;1;VRAI;FAUX;FAUX
426;0;3;;0;0;7,25;FAUX;1;VRAI;FAUX;FAUX
427;1;2;28;1;0;26;VRAI;0;VRAI;FAUX;FAUX
428;1;2;19;0;0;26;VRAI;0;VRAI;FAUX;FAUX
429;0;3;;0;0;7,75;FAUX;1;FAUX;FAUX;VRAI
430;1;3;32;0;0;8,05;VRAI;1;VRAI;FAUX;FAUX
431;1;1;28;0;0;26,55;VRAI;1;VRAI;FAUX;FAUX
432;1;3;;1;0;16,1;FAUX;0;VRAI;FAUX;FAUX
433;1;2;42;1;0;26;VRAI;0;VRAI;FAUX;FAUX
434;0;3;17;0;0;7,125;VRAI;1;VRAI;FAUX;FAUX
435;0;1;50;1;0;55,9;VRAI;1;VRAI;FAUX;FAUX
436;1;1;14;1;2;120;VRAI;0;VRAI;FAUX;FAUX
437;0;3;21;2;2;34,375;VRAI;0;VRAI;FAUX;FAUX
438;1;2;24;2;3;18,75;VRAI;0;VRAI;FAUX;FAUX
439;0;1;64;1;4;263;VRAI;1;VRAI;FAUX;FAUX
440;0;2;31;0;0;10,5;VRAI;1;VRAI;FAUX;FAUX
441;1;2;45;1;1;26,25;VRAI;0;VRAI;FAUX;FAUX
442;0;3;20;0;0;9,5;VRAI;1;VRAI;FAUX;FAUX
443;0;3;25;1;0;7,775;VRAI;1;VRAI;FAUX;FAUX
444;1;2;28;0;0;13;VRAI;0;VRAI;FAUX;FAUX
445;1;3;;0;0;8,1125;FAUX;1;VRAI;FAUX;FAUX
446;1;1;4;0;2;81,8583;VRAI;1;VRAI;FAUX;FAUX
447;1;2;13;0;1;19,5;VRAI;0;VRAI;FAUX;FAUX
448;1;1;34;0;0;26,55;VRAI;1;VRAI;FAUX;FAUX
449;1;3;5;2;1;19,2583;VRAI;0;FAUX;VRAI;FAUX
450;1;1;52;0;0;30,5;VRAI;1;VRAI;FAUX;FAUX
451;0;2;36;1;2;27,75;VRAI;1;VRAI;FAUX;FAUX
452;0;3;;1;0;19,9667;FAUX;1;VRAI;FAUX;FAUX
453;0;1;30;0;0;27,75;VRAI;1;FAUX;VRAI;FAUX
454;1;1;49;1;0;89,1042;VRAI;1;FAUX;VRAI;FAUX
455;0;3;;0;0;8,05;FAUX;1;VRAI;FAUX;FAUX
456;1;3;29;0;0;7,8958;VRAI;1;FAUX;VRAI;FAUX
457;0;1;65;0;0;26,55;VRAI;1;VRAI;FAUX;FAUX
458;1;1;;1;0;51,8625;FAUX;0;VRAI;FAUX;FAUX
459;1;2;50;0;0;10,5;VRAI;0;VRAI;FAUX;FAUX
460;0;3;;0;0;7,75;FAUX;1;FAUX;FAUX;VRAI
461;1;1;48;0;0;26,55;VRAI;1;VRAI;FAUX;FAUX
462;0;3;34;0;0;8,05;VRAI;1;VRAI;FAUX;FAUX
463;0;1;47;0;0;38,5;VRAI;1;VRAI;FAUX;FAUX
464;0;2;48;0;0;13;VRAI;1;VRAI;FAUX;FAUX
465;0;3;;0;0;8,05;FAUX;1;VRAI;FAUX;FAUX
466;0;3;38;0;0;7,05;VRAI;1;VRAI;FAUX;FAUX
467;0;2;;0;0;0;FAUX;1;VRAI;FAUX;FAUX
468;0;1;56;0;0;26,55;VRAI;1;VRAI;FAUX;FAUX
469;0;3;;0;0;7,725;FAUX;1;FAUX;FAUX;VRAI
470;1;3;0,75;2;1;19,2583;VRAI;0;FAUX;VRAI;FAUX
471;0;3;;0;0;7,25;FAUX;1;VRAI;FAUX;FAUX
472;0;3;38;0;0;8,6625;VRAI;1;VRAI;FAUX;FAUX
473;1;2;33;1;2;27,75;VRAI;0;VRAI;FAUX;FAUX
474;1;2;23;0;0;13,7917;VRAI;0;FAUX;VRAI;FAUX
475;0;3;22;0;0;9,8375;VRAI;0;VRAI;FAUX;FAUX
476;0;1;;0;0;52;FAUX;1;VRAI;FAUX;FAUX
477;0;2;34;1;0;21;VRAI;1;VRAI;FAUX;FAUX
478;0;3;29;1;0;7,0458;VRAI;1;VRAI;FAUX;FAUX
479;0;3;22;0;0;7,5208;VRAI;1;VRAI;FAUX;FAUX
480;1;3;2;0;1;12,2875;VRAI;0;VRAI;FAUX;FAUX
481;0;3;9;5;2;46,9;VRAI;1;VRAI;FAUX;FAUX
482;0;2;;0;0;0;FAUX;1;VRAI;FAUX;FAUX
483;0;3;50;0;0;8,05;VRAI;1;VRAI;FAUX;FAUX
484;1;3;63;0;0;9,5875;VRAI;0;VRAI;FAUX;FAUX
485;1;1;25;1;0;91,0792;VRAI;1;FAUX;VRAI;FAUX
486;0;3;;3;1;25,4667;FAUX;0;VRAI;FAUX;FAUX
487;1;1;35;1;0;90;VRAI;0;VRAI;FAUX;FAUX
488;0;1;58;0;0;29,7;VRAI;1;FAUX;VRAI;FAUX
489;0;3;30;0;0;8,05;VRAI;1;VRAI;FAUX;FAUX
490;1;3;9;1;1;15,9;VRAI;1;VRAI;FAUX;FAUX
491;0;3;;1;0;19,9667;FAUX;1;VRAI;FAUX;FAUX
492;0;3;21;0;0;7,25;VRAI;1;VRAI;FAUX;FAUX
493;0;1;55;0;0;30,5;VRAI;1;VRAI;FAUX;FAUX
494;0;1;71;0;0;49,5042;VRAI;1;FAUX;VRAI;FAUX
495;0;3;21;0;0;8,05;VRAI;1;VRAI;FAUX;FAUX
496;0;3;;0;0;14,4583;FAUX;1;FAUX;VRAI;FAUX
497;1;1;54;1;0;78,2667;VRAI;0;FAUX;VRAI;FAUX
498;0;3;;0;0;15,1;FAUX;1;VRAI;FAUX;FAUX
499;0;1;25;1;2;151,55;VRAI;0;VRAI;FAUX;FAUX
500;0;3;24;0;0;7,7958;VRAI;1;VRAI;FAUX;FAUX
501;0;3;17;0;0;8,6625;VRAI;1;VRAI;FAUX;FAUX
502;0;3;21;0;0;7,75;VRAI;0;FAUX;FAUX;VRAI
503;0;3;;0;0;7,6292;FAUX;0;FAUX;FAUX;VRAI
504;0;3;37;0;0;9,5875;VRAI;0;VRAI;FAUX;FAUX
505;1;1;16;0;0;86,5;VRAI;0;VRAI;FAUX;FAUX
506;0;1;18;1;0;108,9;VRAI;1;FAUX;VRAI;FAUX
507;1;2;33;0;2;26;VRAI;0;VRAI;FAUX;FAUX
508;1;1;;0;0;26,55;FAUX;1;VRAI;FAUX;FAUX
509;0;3;28;0;0;22,525;VRAI;1;VRAI;FAUX;FAUX
510;1;3;26;0;0;56,4958;VRAI;1;VRAI;FAUX;FAUX
511;1;3;29;0;0;7,75;VRAI;1;FAUX;FAUX;VRAI
512;0;3;;0;0;8,05;FAUX;1;VRAI;FAUX;FAUX
513;1;1;36;0;0;26,2875;VRAI;1;VRAI;FAUX;FAUX
514;1;1;54;1;0;59,4;VRAI;0;FAUX;VRAI;FAUX
515;0;3;24;0;0;7,4958;VRAI;1;VRAI;FAUX;FAUX
516;0;1;47;0;0;34,0208;VRAI;1;VRAI;FAUX;FAUX
517;1;2;34;0;0;10,5;VRAI;0;VRAI;FAUX;FAUX
518;0;3;;0;0;24,15;FAUX;1;FAUX;FAUX;VRAI
519;1;2;36;1;0;26;VRAI;0;VRAI;FAUX;FAUX
520;0;3;32;0;0;7,8958;VRAI;1;VRAI;FAUX;FAUX
521;1;1;30;0;0;93,5;VRAI;0;VRAI;FAUX;FAUX
522;0;3;22;0;0;7,8958;VRAI;1;VRAI;FAUX;FAUX
523;0;3;;0;0;7,225;FAUX;1;FAUX;VRAI;FAUX
524;1;1;44;0;1;57,9792;VRAI;0;FAUX;VRAI;FAUX
525;0;3;;0;0;7,2292;FAUX;1;FAUX;VRAI;FAUX
526;0;3;40,5;0;0;7,75;VRAI;1;FAUX;FAUX;VRAI
527;1;2;50;0;0;10,5;VRAI;0;VRAI;FAUX;FAUX
528;0;1;;0;0;221,7792;FAUX;1;VRAI;FAUX;FAUX
529;0;3;39;0;0;7,925;VRAI;1;VRAI;FAUX;FAUX
530;0;2;23;2;1;11,5;VRAI;1;VRAI;FAUX;FAUX
531;1;2;2;1;1;26;VRAI;0;VRAI;FAUX;FAUX
532;0;3;;0;0;7,2292;FAUX;1;FAUX;VRAI;FAUX
533;0;3;17;1;1;7,2292;VRAI;1;FAUX;VRAI;FAUX
534;1;3;;0;2;22,3583;FAUX;0;FAUX;VRAI;FAUX
535;0;3;30;0;0;8,6625;VRAI;0;VRAI;FAUX;FAUX
536;1;2;7;0;2;26,25;VRAI;0;VRAI;FAUX;FAUX
537;0;1;45;0;0;26,55;VRAI;1;VRAI;FAUX;FAUX
538;1;1;30;0;0;106,425;VRAI;0;FAUX;VRAI;FAUX
539;0;3;;0;0;14,5;FAUX;1;VRAI;FAUX;FAUX
540;1;1;22;0;2;49,5;VRAI;0;FAUX;VRAI;FAUX
541;1;1;36;0;2;71;VRAI;0;VRAI;FAUX;FAUX
542;0;3;9;4;2;31,275;VRAI;0;VRAI;FAUX;FAUX
543;0;3;11;4;2;31,275;VRAI;0;VRAI;FAUX;FAUX
544;1;2;32;1;0;26;VRAI;1;VRAI;FAUX;FAUX
545;0;1;50;1;0;106,425;VRAI;1;FAUX;VRAI;FAUX
546;0;1;64;0;0;26;VRAI;1;VRAI;FAUX;FAUX
547;1;2;19;1;0;26;VRAI;0;VRAI;FAUX;FAUX
548;1;2;;0;0;13,8625;FAUX;1;FAUX;VRAI;FAUX
549;0;3;33;1;1;20,525;VRAI;1;VRAI;FAUX;FAUX
550;1;2;8;1;1;36,75;VRAI;1;VRAI;FAUX;FAUX
551;1;1;17;0;2;110,8833;VRAI;1;FAUX;VRAI;FAUX
552;0;2;27;0;0;26;VRAI;1;VRAI;FAUX;FAUX
553;0;3;;0;0;7,8292;FAUX;1;FAUX;FAUX;VRAI
554;1;3;22;0;0;7,225;VRAI;1;FAUX;VRAI;FAUX
555;1;3;22;0;0;7,775;VRAI;0;VRAI;FAUX;FAUX
556;0;1;62;0;0;26,55;VRAI;1;VRAI;FAUX;FAUX
557;1;1;48;1;0;39,6;VRAI;0;FAUX;VRAI;FAUX
558;0;1;;0;0;227,525;FAUX;1;FAUX;VRAI;FAUX
559;1;1;39;1;1;79,65;VRAI;0;VRAI;FAUX;FAUX
560;1;3;36;1;0;17,4;VRAI;0;VRAI;FAUX;FAUX
561;0;3;;0;0;7,75;FAUX;1;FAUX;FAUX;VRAI
562;0;3;40;0;0;7,8958;VRAI;1;VRAI;FAUX;FAUX
563;0;2;28;0;0;13,5;VRAI;1;VRAI;FAUX;FAUX
564;0;3;;0;0;8,05;FAUX;1;VRAI;FAUX;FAUX
565;0;3;;0;0;8,05;FAUX;0;VRAI;FAUX;FAUX
566;0;3;24;2;0;24,15;VRAI;1;VRAI;FAUX;FAUX
567;0;3;19;0;0;7,8958;VRAI;1;VRAI;FAUX;FAUX
568;0;3;29;0;4;21,075;VRAI;0;VRAI;FAUX;FAUX
569;0;3;;0;0;7,2292;FAUX;1;FAUX;VRAI;FAUX
570;1;3;32;0;0;7,8542;VRAI;1;VRAI;FAUX;FAUX
571;1;2;62;0;0;10,5;VRAI;1;VRAI;FAUX;FAUX
572;1;1;53;2;0;51,4792;VRAI;0;VRAI;FAUX;FAUX
573;1;1;36;0;0;26,3875;VRAI;1;VRAI;FAUX;FAUX
574;1;3;;0;0;7,75;FAUX;0;FAUX;FAUX;VRAI
575;0;3;16;0;0;8,05;VRAI;1;VRAI;FAUX;FAUX
576;0;3;19;0;0;14,5;VRAI;1;VRAI;FAUX;FAUX
577;1;2;34;0;0;13;VRAI;0;VRAI;FAUX;FAUX
578;1;1;39;1;0;55,9;VRAI;0;VRAI;FAUX;FAUX
579;0;3;;1;0;14,4583;FAUX;0;FAUX;VRAI;FAUX
580;1;3;32;0;0;7,925;VRAI;1;VRAI;FAUX;FAUX
581;1;2;25;1;1;30;VRAI;0;VRAI;FAUX;FAUX
582;1;1;39;1;1;110,8833;VRAI;0;FAUX;VRAI;FAUX
583;0;2;54;0;0;26;VRAI;1;VRAI;FAUX;FAUX
584;0;1;36;0;0;40,125;VRAI;1;FAUX;VRAI;FAUX
585;0;3;;0;0;8,7125;FAUX;1;FAUX;VRAI;FAUX
586;1;1;18;0;2;79,65;VRAI;0;VRAI;FAUX;FAUX
587;0;2;47;0;0;15;VRAI;1;VRAI;FAUX;FAUX
588;1;1;60;1;1;79,2;VRAI;1;FAUX;VRAI;FAUX
589;0;3;22;0;0;8,05;VRAI;1;VRAI;FAUX;FAUX
590;0;3;;0;0;8,05;FAUX;1;VRAI;FAUX;FAUX
591;0;3;35;0;0;7,125;VRAI;1;VRAI;FAUX;FAUX
592;1;1;52;1;0;78,2667;VRAI;0;FAUX;VRAI;FAUX
593;0;3;47;0;0;7,25;VRAI;1;VRAI;FAUX;FAUX
594;0;3;;0;2;7,75;FAUX;0;FAUX;FAUX;VRAI
595;0;2;37;1;0;26;VRAI;1;VRAI;FAUX;FAUX
596;0;3;36;1;1;24,15;VRAI;1;VRAI;FAUX;FAUX
597;1;2;;0;0;33;FAUX;0;VRAI;FAUX;FAUX
598;0;3;49;0;0;0;VRAI;1;VRAI;FAUX;FAUX
599;0;3;;0;0;7,225;FAUX;1;FAUX;VRAI;FAUX
600;1;1;49;1;0;56,9292;VRAI;1;FAUX;VRAI;FAUX
601;1;2;24;2;1;27;VRAI;0;VRAI;FAUX;FAUX
602;0;3;;0;0;7,8958;FAUX;1;VRAI;FAUX;FAUX
603;0;1;;0;0;42,4;FAUX;1;VRAI;FAUX;FAUX
604;0;3;44;0;0;8,05;VRAI;1;VRAI;FAUX;FAUX
605;1;1;35;0;0;26,55;VRAI;1;FAUX;VRAI;FAUX
606;0;3;36;1;0;15,55;VRAI;1;VRAI;FAUX;FAUX
607;0;3;30;0;0;7,8958;VRAI;1;VRAI;FAUX;FAUX
608;1;1;27;0;0;30,5;VRAI;1;VRAI;FAUX;FAUX
609;1;2;22;1;2;41,5792;VRAI;0;FAUX;VRAI;FAUX
610;1;1;40;0;0;153,4625;VRAI;0;VRAI;FAUX;FAUX
611;0;3;39;1;5;31,275;VRAI;0;VRAI;FAUX;FAUX
612;0;3;;0;0;7,05;FAUX;1;VRAI;FAUX;FAUX
613;1;3;;1;0;15,5;FAUX;0;FAUX;FAUX;VRAI
614;0;3;;0;0;7,75;FAUX;1;FAUX;FAUX;VRAI
615;0;3;35;0;0;8,05;VRAI;1;VRAI;FAUX;FAUX
616;1;2;24;1;2;65;VRAI;0;VRAI;FAUX;FAUX
617;0;3;34;1;1;14,4;VRAI;1;VRAI;FAUX;FAUX
618;0;3;26;1;0;16,1;VRAI;0;VRAI;FAUX;FAUX
619;1;2;4;2;1;39;VRAI;0;VRAI;FAUX;FAUX
620;0;2;26;0;0;10,5;VRAI;1;VRAI;FAUX;FAUX
621;0;3;27;1;0;14,4542;VRAI;1;FAUX;VRAI;FAUX
622;1;1;42;1;0;52,5542;VRAI;1;VRAI;FAUX;FAUX
623;1;3;20;1;1;15,7417;VRAI;1;FAUX;VRAI;FAUX
624;0;3;21;0;0;7,8542;VRAI;1;VRAI;FAUX;FAUX
625;0;3;21;0;0;16,1;VRAI;1;VRAI;FAUX;FAUX
626;0;1;61;0;0;32,3208;VRAI;1;VRAI;FAUX;FAUX
627;0;2;57;0;0;12,35;VRAI;1;FAUX;FAUX;VRAI
628;1;1;21;0;0;77,9583;VRAI;0;VRAI;FAUX;FAUX
629;0;3;26;0;0;7,8958;VRAI;1;VRAI;FAUX;FAUX
630;0;3;;0;0;7,7333;FAUX;1;FAUX;FAUX;VRAI
631;1;1;80;0;0;30;VRAI;1;VRAI;FAUX;FAUX
632;0;3;51;0;0;7,0542;VRAI;1;VRAI;FAUX;FAUX
633;1;1;32;0;0;30,5;VRAI;1;FAUX;VRAI;FAUX
634;0;1;;0;0;0;FAUX;1;VRAI;FAUX;FAUX
635;0;3;9;3;2;27,9;VRAI;0;VRAI;FAUX;FAUX
636;1;2;28;0;0;13;VRAI;0;VRAI;FAUX;FAUX
637;0;3;32;0;0;7,925;VRAI;1;VRAI;FAUX;FAUX
638;0;2;31;1;1;26,25;VRAI;1;VRAI;FAUX;FAUX
639;0;3;41;0;5;39,6875;VRAI;0;VRAI;FAUX;FAUX
640;0;3;;1;0;16,1;FAUX;1;VRAI;FAUX;FAUX
641;0;3;20;0;0;7,8542;VRAI;1;VRAI;FAUX;FAUX
642;1;1;24;0;0;69,3;VRAI;0;FAUX;VRAI;FAUX
643;0;3;2;3;2;27,9;VRAI;0;VRAI;FAUX;FAUX
644;1;3;;0;0;56,4958;FAUX;1;VRAI;FAUX;FAUX
645;1;3;0,75;2;1;19,2583;VRAI;0;FAUX;VRAI;FAUX
646;1;1;48;1;0;76,7292;VRAI;1;FAUX;VRAI;FAUX
647;0;3;19;0;0;7,8958;VRAI;1;VRAI;FAUX;FAUX
648;1;1;56;0;0;35,5;VRAI;1;FAUX;VRAI;FAUX
649;0;3;;0;0;7,55;FAUX;1;VRAI;FAUX;FAUX
650;1;3;23;0;0;7,55;VRAI;0;VRAI;FAUX;FAUX
651;0;3;;0;0;7,8958;FAUX;1;VRAI;FAUX;FAUX
652;1;2;18;0;1;23;VRAI;0;VRAI;FAUX;FAUX
653;0;3;21;0;0;8,4333;VRAI;1;VRAI;FAUX;FAUX
654;1;3;;0;0;7,8292;FAUX;0;FAUX;FAUX;VRAI
655;0;3;18;0;0;6,75;VRAI;0;FAUX;FAUX;VRAI
656;0;2;24;2;0;73,5;VRAI;1;VRAI;FAUX;FAUX
657;0;3;;0;0;7,8958;FAUX;1;VRAI;FAUX;FAUX
658;0;3;32;1;1;15,5;VRAI;0;FAUX;FAUX;VRAI
659;0;2;23;0;0;13;VRAI;1;VRAI;FAUX;FAUX
660;0;1;58;0;2;113,275;VRAI;1;FAUX;VRAI;FAUX
661;1;1;50;2;0;133,65;VRAI;1;VRAI;FAUX;FAUX
662;0;3;40;0;0;7,225;VRAI;1;FAUX;VRAI;FAUX
663;0;1;47;0;0;25,5875;VRAI;1;VRAI;FAUX;FAUX
664;0;3;36;0;0;7,4958;VRAI;1;VRAI;FAUX;FAUX
665;1;3;20;1;0;7,925;VRAI;1;VRAI;FAUX;FAUX
666;0;2;32;2;0;73,5;VRAI;1;VRAI;FAUX;FAUX
667;0;2;25;0;0;13;VRAI;1;VRAI;FAUX;FAUX
668;0;3;;0;0;7,775;FAUX;1;VRAI;FAUX;FAUX
669;0;3;43;0;0;8,05;VRAI;1;VRAI;FAUX;FAUX
670;1;1;;1;0;52;FAUX;0;VRAI;FAUX;FAUX
671;1;2;40;1;1;39;VRAI;0;VRAI;FAUX;FAUX
672;0;1;31;1;0;52;VRAI;1;VRAI;FAUX;FAUX
673;0;2;70;0;0;10,5;VRAI;1;VRAI;FAUX;FAUX
674;1;2;31;0;0;13;VRAI;1;VRAI;FAUX;FAUX
675;0;2;;0;0;0;FAUX;1;VRAI;FAUX;FAUX
676;0;3;18;0;0;7,775;VRAI;1;VRAI;FAUX;FAUX
677;0;3;24,5;0;0;8,05;VRAI;1;VRAI;FAUX;FAUX
678;1;3;18;0;0;9,8417;VRAI;0;VRAI;FAUX;FAUX
679;0;3;43;1;6;46,9;VRAI;0;VRAI;FAUX;FAUX
680;1;1;36;0;1;512,3292;VRAI;1;FAUX;VRAI;FAUX
681;0;3;;0;0;8,1375;FAUX;0;FAUX;FAUX;VRAI
682;1;1;27;0;0;76,7292;VRAI;1;FAUX;VRAI;FAUX
683;0;3;20;0;0;9,225;VRAI;1;VRAI;FAUX;FAUX
684;0;3;14;5;2;46,9;VRAI;1;VRAI;FAUX;FAUX
685;0;2;60;1;1;39;VRAI;1;VRAI;FAUX;FAUX
686;0;2;25;1;2;41,5792;VRAI;1;FAUX;VRAI;FAUX
687;0;3;14;4;1;39,6875;VRAI;1;VRAI;FAUX;FAUX
688;0;3;19;0;0;10,1708;VRAI;1;VRAI;FAUX;FAUX
689;0;3;18;0;0;7,7958;VRAI;1;VRAI;FAUX;FAUX
690;1;1;15;0;1;211,3375;VRAI;0;VRAI;FAUX;FAUX
691;1;1;31;1;0;57;VRAI;1;VRAI;FAUX;FAUX
692;1;3;4;0;1;13,4167;VRAI;0;FAUX;VRAI;FAUX
693;1;3;;0;0;56,4958;FAUX;1;VRAI;FAUX;FAUX
694;0;3;25;0;0;7,225;VRAI;1;FAUX;VRAI;FAUX
695;0;1;60;0;0;26,55;VRAI;1;VRAI;FAUX;FAUX
696;0;2;52;0;0;13,5;VRAI;1;VRAI;FAUX;FAUX
697;0;3;44;0;0;8,05;VRAI;1;VRAI;FAUX;FAUX
698;1;3;;0;0;7,7333;FAUX;0;FAUX;FAUX;VRAI
699;0;1;49;1;1;110,8833;VRAI;1;FAUX;VRAI;FAUX
700;0;3;42;0;0;7,65;VRAI;1;VRAI;FAUX;FAUX
701;1;1;18;1;0;227,525;VRAI;0;FAUX;VRAI;FAUX
702;1;1;35;0;0;26,2875;VRAI;1;VRAI;FAUX;FAUX
703;0;3;18;0;1;14,4542;VRAI;0;FAUX;VRAI;FAUX
704;0;3;25;0;0;7,7417;VRAI;1;FAUX;FAUX;VRAI
705;0;3;26;1;0;7,8542;VRAI;1;VRAI;FAUX;FAUX
706;0;2;39;0;0;26;VRAI;1;VRAI;FAUX;FAUX
707;1;2;45;0;0;13,5;VRAI;0;VRAI;FAUX;FAUX
708;1;1;42;0;0;26,2875;VRAI;1;VRAI;FAUX;FAUX
709;1;1;22;0;0;151,55;VRAI;0;VRAI;FAUX;FAUX
710;1;3;;1;1;15,2458;FAUX;1;FAUX;VRAI;FAUX
711;1;1;24;0;0;49,5042;VRAI;0;FAUX;VRAI;FAUX
712;0;1;;0;0;26,55;FAUX;1;VRAI;FAUX;FAUX
713;1;1;48;1;0;52;VRAI;1;VRAI;FAUX;FAUX
714;0;3;29;0;0;9,4833;VRAI;1;VRAI;FAUX;FAUX
715;0;2;52;0;0;13;VRAI;1;VRAI;FAUX;FAUX
716;0;3;19;0;0;7,65;VRAI;1;VRAI;FAUX;FAUX
717;1;1;38;0;0;227,525;VRAI;0;FAUX;VRAI;FAUX
718;1;2;27;0;0;10,5;VRAI;0;VRAI;FAUX;FAUX
719;0;3;;0;0;15,5;FAUX;1;FAUX;FAUX;VRAI
720;0;3;33;0;0;7,775;VRAI;1;VRAI;FAUX;FAUX
721;1;2;6;0;1;33;VRAI;0;VRAI;FAUX;FAUX
722;0;3;17;1;0;7,0542;VRAI;1;VRAI;FAUX;FAUX
723;0;2;34;0;0;13;VRAI;1;VRAI;FAUX;FAUX
724;0;2;50;0;0;13;VRAI;1;VRAI;FAUX;FAUX
725;1;1;27;1;0;53,1;VRAI;1;VRAI;FAUX;FAUX
726;0;3;20;0;0;8,6625;VRAI;1;VRAI;FAUX;FAUX
727;1;2;30;3;0;21;VRAI;0;VRAI;FAUX;FAUX
728;1;3;;0;0;7,7375;FAUX;0;FAUX;FAUX;VRAI
729;0;2;25;1;0;26;VRAI;1;VRAI;FAUX;FAUX
730;0;3;25;1;0;7,925;VRAI;0;VRAI;FAUX;FAUX
731;1;1;29;0;0;211,3375;VRAI;0;VRAI;FAUX;FAUX
732;0;3;11;0;0;18,7875;VRAI;1;FAUX;VRAI;FAUX
733;0;2;;0;0;0;FAUX;1;VRAI;FAUX;FAUX
734;0;2;23;0;0;13;VRAI;1;VRAI;FAUX;FAUX
735;0;2;23;0;0;13;VRAI;1;VRAI;FAUX;FAUX
736;0;3;28,5;0;0;16,1;VRAI;1;VRAI;FAUX;FAUX
737;0;3;48;1;3;34,375;VRAI;0;VRAI;FAUX;FAUX
738;1;1;35;0;0;512,3292;VRAI;1;FAUX;VRAI;FAUX
739;0;3;;0;0;7,8958;FAUX;1;VRAI;FAUX;FAUX
740;0;3;;0;0;7,8958;FAUX;1;VRAI;FAUX;FAUX
741;1;1;;0;0;30;FAUX;1;VRAI;FAUX;FAUX
742;0;1;36;1;0;78,85;VRAI;1;VRAI;FAUX;FAUX
743;1;1;21;2;2;262,375;VRAI;0;FAUX;VRAI;FAUX
744;0;3;24;1;0;16,1;VRAI;1;VRAI;FAUX;FAUX
745;1;3;31;0;0;7,925;VRAI;1;VRAI;FAUX;FAUX
746;0;1;70;1;1;71;VRAI;1;VRAI;FAUX;FAUX
747;0;3;16;1;1;20,25;VRAI;1;VRAI;FAUX;FAUX
748;1;2;30;0;0;13;VRAI;0;VRAI;FAUX;FAUX
749;0;1;19;1;0;53,1;VRAI;1;VRAI;FAUX;FAUX
750;0;3;31;0;0;7,75;VRAI;1;FAUX;FAUX;VRAI
751;1;2;4;1;1;23;VRAI;0;VRAI;FAUX;FAUX
752;1;3;6;0;1;12,475;VRAI;1;VRAI;FAUX;FAUX
753;0;3;33;0;0;9,5;VRAI;1;VRAI;FAUX;FAUX
754;0;3;23;0;0;7,8958;VRAI;1;VRAI;FAUX;FAUX
755;1;2;48;1;2;65;VRAI;0;VRAI;FAUX;FAUX
756;1;2;0,67;1;1;14,5;VRAI;1;VRAI;FAUX;FAUX
757;0;3;28;0;0;7,7958;VRAI;1;VRAI;FAUX;FAUX
758;0;2;18;0;0;11,5;VRAI;1;VRAI;FAUX;FAUX
759;0;3;34;0;0;8,05;VRAI;1;VRAI;FAUX;FAUX
760;1;1;33;0;0;86,5;VRAI;0;VRAI;FAUX;FAUX
761;0;3;;0;0;14,5;FAUX;1;VRAI;FAUX;FAUX
762;0;3;41;0;0;7,125;VRAI;1;VRAI;FAUX;FAUX
763;1;3;20;0;0;7,2292;VRAI;1;FAUX;VRAI;FAUX
764;1;1;36;1;2;120;VRAI;0;VRAI;FAUX;FAUX
765;0;3;16;0;0;7,775;VRAI;1;VRAI;FAUX;FAUX
766;1;1;51;1;0;77,9583;VRAI;0;VRAI;FAUX;FAUX
767;0;1;;0;0;39,6;FAUX;1;FAUX;VRAI;FAUX
768;0;3;30,5;0;0;7,75;VRAI;0;FAUX;FAUX;VRAI
769;0;3;;1;0;24,15;FAUX;1;FAUX;FAUX;VRAI
770;0;3;32;0;0;8,3625;VRAI;1;VRAI;FAUX;FAUX
771;0;3;24;0;0;9,5;VRAI;1;VRAI;FAUX;FAUX
772;0;3;48;0;0;7,8542;VRAI;1;VRAI;FAUX;FAUX
773;0;2;57;0;0;10,5;VRAI;0;VRAI;FAUX;FAUX
774;0;3;;0;0;7,225;FAUX;1;FAUX;VRAI;FAUX
775;1;2;54;1;3;23;VRAI;0;VRAI;FAUX;FAUX
776;0;3;18;0;0;7,75;VRAI;1;VRAI;FAUX;FAUX
777;0;3;;0;0;7,75;FAUX;1;FAUX;FAUX;VRAI
778;1;3;5;0;0;12,475;VRAI;0;VRAI;FAUX;FAUX
779;0;3;;0;0;7,7375;FAUX;1;FAUX;FAUX;VRAI
780;1;1;43;0;1;211,3375;VRAI;0;VRAI;FAUX;FAUX
781;1;3;13;0;0;7,2292;VRAI;0;FAUX;VRAI;FAUX
782;1;1;17;1;0;57;VRAI;0;VRAI;FAUX;FAUX
783;0;1;29;0;0;30;VRAI;1;VRAI;FAUX;FAUX
784;0;3;;1;2;23,45;FAUX;1;VRAI;FAUX;FAUX
785;0;3;25;0;0;7,05;VRAI;1;VRAI;FAUX;FAUX
786;0;3;25;0;0;7,25;VRAI;1;VRAI;FAUX;FAUX
787;1;3;18;0;0;7,4958;VRAI;0;VRAI;FAUX;FAUX
788;0;3;8;4;1;29,125;VRAI;1;FAUX;FAUX;VRAI
789;1;3;1;1;2;20,575;VRAI;1;VRAI;FAUX;FAUX
790;0;1;46;0;0;79,2;VRAI;1;FAUX;VRAI;FAUX
791;0;3;;0;0;7,75;FAUX;1;FAUX;FAUX;VRAI
792;0;2;16;0;0;26;VRAI;1;VRAI;FAUX;FAUX
793;0;3;;8;2;69,55;FAUX;0;VRAI;FAUX;FAUX
794;0;1;;0;0;30,6958;FAUX;1;FAUX;VRAI;FAUX
795;0;3;25;0;0;7,8958;VRAI;1;VRAI;FAUX;FAUX
796;0;2;39;0;0;13;VRAI;1;VRAI;FAUX;FAUX
797;1;1;49;0;0;25,9292;VRAI;0;VRAI;FAUX;FAUX
798;1;3;31;0;0;8,6833;VRAI;0;VRAI;FAUX;FAUX
799;0;3;30;0;0;7,2292;VRAI;1;FAUX;VRAI;FAUX
800;0;3;30;1;1;24,15;VRAI;0;VRAI;FAUX;FAUX
801;0;2;34;0;0;13;VRAI;1;VRAI;FAUX;FAUX
802;1;2;31;1;1;26,25;VRAI;0;VRAI;FAUX;FAUX
803;1;1;11;1;2;120;VRAI;1;VRAI;FAUX;FAUX
804;1;3;0,42;0;1;8,5167;VRAI;1;FAUX;VRAI;FAUX
805;1;3;27;0;0;6,975;VRAI;1;VRAI;FAUX;FAUX
806;0;3;31;0;0;7,775;VRAI;1;VRAI;FAUX;FAUX
807;0;1;39;0;0;0;VRAI;1;VRAI;FAUX;FAUX
808;0;3;18;0;0;7,775;VRAI;0;VRAI;FAUX;FAUX
809;0;2;39;0;0;13;VRAI;1;VRAI;FAUX;FAUX
810;1;1;33;1;0;53,1;VRAI;0;VRAI;FAUX;FAUX
811;0;3;26;0;0;7,8875;VRAI;1;VRAI;FAUX;FAUX
812;0;3;39;0;0;24,15;VRAI;1;VRAI;FAUX;FAUX
813;0;2;35;0;0;10,5;VRAI;1;VRAI;FAUX;FAUX
814;0;3;6;4;2;31,275;VRAI;0;VRAI;FAUX;FAUX
815;0;3;30,5;0;0;8,05;VRAI;1;VRAI;FAUX;FAUX
816;0;1;;0;0;0;FAUX;1;VRAI;FAUX;FAUX
817;0;3;23;0;0;7,925;VRAI;0;VRAI;FAUX;FAUX
818;0;2;31;1;1;37,0042;VRAI;1;FAUX;VRAI;FAUX
819;0;3;43;0;0;6,45;VRAI;1;VRAI;FAUX;FAUX
820;0;3;10;3;2;27,9;VRAI;1;VRAI;FAUX;FAUX
821;1;1;52;1;1;93,5;VRAI;0;VRAI;FAUX;FAUX
822;1;3;27;0;0;8,6625;VRAI;1;VRAI;FAUX;FAUX
823;0;1;38;0;0;0;VRAI;1;VRAI;FAUX;FAUX
824;1;3;27;0;1;12,475;VRAI;0;VRAI;FAUX;FAUX
825;0;3;2;4;1;39,6875;VRAI;1;VRAI;FAUX;FAUX
826;0;3;;0;0;6,95;FAUX;1;FAUX;FAUX;VRAI
827;0;3;;0;0;56,4958;FAUX;1;VRAI;FAUX;FAUX
828;1;2;1;0;2;37,0042;VRAI;1;FAUX;VRAI;FAUX
829;1;3;;0;0;7,75;FAUX;1;FAUX;FAUX;VRAI
830;1;1;62;0;0;80;VRAI;0;FAUX;FAUX;FAUX
831;1;3;15;1;0;14,4542;VRAI;0;FAUX;VRAI;FAUX
832;1;2;0,83;1;1;18,75;VRAI;1;VRAI;FAUX;FAUX
833;0;3;;0;0;7,2292;FAUX;1;FAUX;VRAI;FAUX
834;0;3;23;0;0;7,8542;VRAI;1;VRAI;FAUX;FAUX
835;0;3;18;0;0;8,3;VRAI;1;VRAI;FAUX;FAUX
836;1;1;39;1;1;83,1583;VRAI;0;FAUX;VRAI;FAUX
837;0;3;21;0;0;8,6625;VRAI;1;VRAI;FAUX;FAUX
838;0;3;;0;0;8,05;FAUX;1;VRAI;FAUX;FAUX
839;1;3;32;0;0;56,4958;VRAI;1;VRAI;FAUX;FAUX
840;1;1;;0;0;29,7;FAUX;1;FAUX;VRAI;FAUX
841;0;3;20;0;0;7,925;VRAI;1;VRAI;FAUX;FAUX
842;0;2;16;0;0;10,5;VRAI;1;VRAI;FAUX;FAUX
843;1;1;30;0;0;31;VRAI;0;FAUX;VRAI;FAUX
844;0;3;34,5;0;0;6,4375;VRAI;1;FAUX;VRAI;FAUX
845;0;3;17;0;0;8,6625;VRAI;1;VRAI;FAUX;FAUX
846;0;3;42;0;0;7,55;VRAI;1;VRAI;FAUX;FAUX
847;0;3;;8;2;69,55;FAUX;1;VRAI;FAUX;FAUX
848;0;3;35;0;0;7,8958;VRAI;1;FAUX;VRAI;FAUX
849;0;2;28;0;1;33;VRAI;1;VRAI;FAUX;FAUX
850;1;1;;1;0;89,1042;FAUX;0;FAUX;VRAI;FAUX
851;0;3;4;4;2;31,275;VRAI;1;VRAI;FAUX;FAUX
852;0;3;74;0;0;7,775;VRAI;1;VRAI;FAUX;FAUX
853;0;3;9;1;1;15,2458;VRAI;0;FAUX;VRAI;FAUX
854;1;1;16;0;1;39,4;VRAI;0;VRAI;FAUX;FAUX
855;0;2;44;1;0;26;VRAI;0;VRAI;FAUX;FAUX
856;1;3;18;0;1;9,35;VRAI;0;VRAI;FAUX;FAUX
857;1;1;45;1;1;164,8667;VRAI;0;VRAI;FAUX;FAUX
858;1;1;51;0;0;26,55;VRAI;1;VRAI;FAUX;FAUX
859;1;3;24;0;3;19,2583;VRAI;0;FAUX;VRAI;FAUX
860;0;3;;0;0;7,2292;FAUX;1;FAUX;VRAI;FAUX
861;0;3;41;2;0;14,1083;VRAI;1;VRAI;FAUX;FAUX
862;0;2;21;1;0;11,5;VRAI;1;VRAI;FAUX;FAUX
863;1;1;48;0;0;25,9292;VRAI;0;VRAI;FAUX;FAUX
864;0;3;;8;2;69,55;FAUX;0;VRAI;FAUX;FAUX
865;0;2;24;0;0;13;VRAI;1;VRAI;FAUX;FAUX
866;1;2;42;0;0;13;VRAI;0;VRAI;FAUX;FAUX
867;1;2;27;1;0;13,8583;VRAI;0;FAUX;VRAI;FAUX
868;0;1;31;0;0;50,4958;VRAI;1;VRAI;FAUX;FAUX
869;0;3;;0;0;9,5;FAUX;1;VRAI;FAUX;FAUX
870;1;3;4;1;1;11,1333;VRAI;1;VRAI;FAUX;FAUX
871;0;3;26;0;0;7,8958;VRAI;1;VRAI;FAUX;FAUX
872;1;1;47;1;1;52,5542;VRAI;0;VRAI;FAUX;FAUX
873;0;1;33;0;0;5;VRAI;1;VRAI;FAUX;FAUX
874;0;3;47;0;0;9;VRAI;1;VRAI;FAUX;FAUX
875;1;2;28;1;0;24;VRAI;0;FAUX;VRAI;FAUX
876;1;3;15;0;0;7,225;VRAI;0;FAUX;VRAI;FAUX
877;0;3;20;0;0;9,8458;VRAI;1;VRAI;FAUX;FAUX
878;0;3;19;0;0;7,8958;VRAI;1;VRAI;FAUX;FAUX
879;0;3;;0;0;7,8958;FAUX;1;VRAI;FAUX;FAUX
880;1;1;56;0;1;83,1583;VRAI;0;FAUX;VRAI;FAUX
881;1;2;25;0;1;26;VRAI;0;VRAI;FAUX;FAUX
882;0;3;33;0;0;7,8958;VRAI;1;VRAI;FAUX;FAUX
883;0;3;22;0;0;10,5167;VRAI;0;VRAI;FAUX;FAUX
884;0;2;28;0;0;10,5;VRAI;1;VRAI;FAUX;FAUX
885;0;3;25;0;0;7,05;VRAI;1;VRAI;FAUX;FAUX
886;0;3;39;0;5;29,125;VRAI;0;FAUX;FAUX;VRAI
887;0;2;27;0;0;13;VRAI;1;VRAI;FAUX;FAUX
888;1;1;19;0;0;30;VRAI;0;VRAI;FAUX;FAUX
889;0;3;;1;2;23,45;FAUX;0;VRAI;FAUX;FAUX
890;1;1;26;0;0;30;VRAI;1;FAUX;VRAI;FAUX
891;0;3;32;0;0;7,75;VRAI;1;FAUX;FAUX;VRAI
892;0;3;34,5;0;0;7,8292;VRAI;1;FAUX;FAUX;VRAI
893;1;3;47;1;0;7;VRAI;0;VRAI;FAUX;FAUX
894;0;2;62;0;0;9,6875;VRAI;1;FAUX;FAUX;VRAI
895;0;3;27;0;0;8,6625;VRAI;1;VRAI;FAUX;FAUX
896;1;3;22;1;1;12,2875;VRAI;0;VRAI;FAUX;FAUX
897;0;3;14;0;0;9,225;VRAI;1;VRAI;FAUX;FAUX
898;1;3;30;0;0;7,6292;VRAI;0;FAUX;FAUX;VRAI
899;0;2;26;1;1;29;VRAI;1;VRAI;FAUX;FAUX
900;1;3;18;0;0;7,2292;VRAI;0;FAUX;VRAI;FAUX
901;0;3;21;2;0;24,15;VRAI;1;VRAI;FAUX;FAUX
902;0;3;;0;0;7,8958;FAUX;1;VRAI;FAUX;FAUX
903;0;1;46;0;0;26;VRAI;1;VRAI;FAUX;FAUX
904;1;1;23;1;0;82,2667;VRAI;0;VRAI;FAUX;FAUX
905;0;2;63;1;0;26;VRAI;1;VRAI;FAUX;FAUX
906;1;1;47;1;0;61,175;VRAI;0;VRAI;FAUX;FAUX
907;1;2;24;1;0;27,7208;VRAI;0;FAUX;VRAI;FAUX
908;0;2;35;0;0;12,35;VRAI;1;FAUX;FAUX;VRAI
909;0;3;21;0;0;7,225;VRAI;1;FAUX;VRAI;FAUX
910;1;3;27;1;0;7,925;VRAI;0;VRAI;FAUX;FAUX
911;1;3;45;0;0;7,225;VRAI;0;FAUX;VRAI;FAUX
912;0;1;55;1;0;59,4;VRAI;1;FAUX;VRAI;FAUX
913;0;3;9;0;1;3,1708;VRAI;1;VRAI;FAUX;FAUX
914;1;1;;0;0;31,6833;FAUX;0;VRAI;FAUX;FAUX
915;0;1;21;0;1;61,3792;VRAI;1;FAUX;VRAI;FAUX
916;1;1;48;1;3;262,375;VRAI;0;FAUX;VRAI;FAUX
917;0;3;50;1;0;14,5;VRAI;1;VRAI;FAUX;FAUX
918;1;1;22;0;1;61,9792;VRAI;0;FAUX;VRAI;FAUX
919;0;3;22,5;0;0;7,225;VRAI;1;FAUX;VRAI;FAUX
920;0;1;41;0;0;30,5;VRAI;1;VRAI;FAUX;FAUX
921;0;3;;2;0;21,6792;FAUX;1;FAUX;VRAI;FAUX
922;0;2;50;1;0;26;VRAI;1;VRAI;FAUX;FAUX
923;0;2;24;2;0;31,5;VRAI;1;VRAI;FAUX;FAUX
924;1;3;33;1;2;20,575;VRAI;0;VRAI;FAUX;FAUX
925;1;3;;1;2;23,45;FAUX;0;VRAI;FAUX;FAUX
926;0;1;30;1;0;57,75;VRAI;1;FAUX;VRAI;FAUX
927;0;3;18,5;0;0;7,2292;VRAI;1;FAUX;VRAI;FAUX
928;1;3;;0;0;8,05;FAUX;0;VRAI;FAUX;FAUX
929;1;3;21;0;0;8,6625;VRAI;0;VRAI;FAUX;FAUX
930;0;3;25;0;0;9,5;VRAI;1;VRAI;FAUX;FAUX
931;0;3;;0;0;56,4958;FAUX;1;VRAI;FAUX;FAUX
932;0;3;39;0;1;13,4167;VRAI;1;FAUX;VRAI;FAUX
933;0;1;;0;0;26,55;FAUX;1;VRAI;FAUX;FAUX
934;0;3;41;0;0;7,85;VRAI;1;VRAI;FAUX;FAUX
935;1;2;30;0;0;13;VRAI;0;VRAI;FAUX;FAUX
936;1;1;45;1;0;52,5542;VRAI;0;VRAI;FAUX;FAUX
937;0;3;25;0;0;7,925;VRAI;1;VRAI;FAUX;FAUX
938;0;1;45;0;0;29,7;VRAI;1;FAUX;VRAI;FAUX
939;0;3;;0;0;7,75;FAUX;1;FAUX;FAUX;VRAI
940;1;1;60;0;0;76,2917;VRAI;0;FAUX;VRAI;FAUX
941;1;3;36;0;2;15,9;VRAI;0;VRAI;FAUX;FAUX
942;0;1;24;1;0;60;VRAI;1;VRAI;FAUX;FAUX
943;0;2;27;0;0;15,0333;VRAI;1;FAUX;VRAI;FAUX
944;1;2;20;2;1;23;VRAI;0;VRAI;FAUX;FAUX
945;1;1;28;3;2;263;VRAI;0;VRAI;FAUX;FAUX
946;0;2;;0;0;15,5792;FAUX;1;FAUX;VRAI;FAUX
947;0;3;10;4;1;29,125;VRAI;1;FAUX;FAUX;VRAI
948;0;3;35;0;0;7,8958;VRAI;1;VRAI;FAUX;FAUX
949;0;3;25;0;0;7,65;VRAI;1;VRAI;FAUX;FAUX
950;0;3;;1;0;16,1;FAUX;1;VRAI;FAUX;FAUX
951;1;1;36;0;0;262,375;VRAI;0;FAUX;VRAI;FAUX
952;0;3;17;0;0;7,8958;VRAI;1;VRAI;FAUX;FAUX
953;0;2;32;0;0;13,5;VRAI;1;VRAI;FAUX;FAUX
954;0;3;18;0;0;7,75;VRAI;1;VRAI;FAUX;FAUX
955;1;3;22;0;0;7,725;VRAI;0;FAUX;FAUX;VRAI
956;0;1;13;2;2;262,375;VRAI;1;FAUX;VRAI;FAUX
957;1;2;;0;0;21;FAUX;0;VRAI;FAUX;FAUX
958;1;3;18;0;0;7,8792;VRAI;0;FAUX;FAUX;VRAI
959;0;1;47;0;0;42,4;VRAI;1;VRAI;FAUX;FAUX
960;0;1;31;0;0;28,5375;VRAI;1;FAUX;VRAI;FAUX
961;1;1;60;1;4;263;VRAI;0;VRAI;FAUX;FAUX
962;1;3;24;0;0;7,75;VRAI;0;FAUX;FAUX;VRAI
963;0;3;21;0;0;7,8958;VRAI;1;VRAI;FAUX;FAUX
964;1;3;29;0;0;7,925;VRAI;0;VRAI;FAUX;FAUX
965;0;1;28,5;0;0;27,7208;VRAI;1;FAUX;VRAI;FAUX
966;1;1;35;0;0;211,5;VRAI;0;FAUX;VRAI;FAUX
967;0;1;32,5;0;0;211,5;VRAI;1;FAUX;VRAI;FAUX
968;0;3;;0;0;8,05;FAUX;1;VRAI;FAUX;FAUX
969;1;1;55;2;0;25,7;VRAI;0;VRAI;FAUX;FAUX
970;0;2;30;0;0;13;VRAI;1;VRAI;FAUX;FAUX
971;1;3;24;0;0;7,75;VRAI;0;FAUX;FAUX;VRAI
972;0;3;6;1;1;15,2458;VRAI;1;FAUX;VRAI;FAUX
973;0;1;67;1;0;221,7792;VRAI;1;VRAI;FAUX;FAUX
974;0;1;49;0;0;26;VRAI;1;VRAI;FAUX;FAUX
975;0;3;;0;0;7,8958;FAUX;1;VRAI;FAUX;FAUX
976;0;2;;0;0;10,7083;FAUX;1;FAUX;FAUX;VRAI
977;0;3;;1;0;14,4542;FAUX;1;FAUX;VRAI;FAUX
978;1;3;27;0;0;7,8792;VRAI;0;FAUX;FAUX;VRAI
979;1;3;18;0;0;8,05;VRAI;0;VRAI;FAUX;FAUX
980;1;3;;0;0;7,75;FAUX;0;FAUX;FAUX;VRAI
981;0;2;2;1;1;23;VRAI;1;VRAI;FAUX;FAUX
982;1;3;22;1;0;13,9;VRAI;0;VRAI;FAUX;FAUX
983;0;3;;0;0;7,775;FAUX;1;VRAI;FAUX;FAUX
984;1;1;27;1;2;52;VRAI;0;VRAI;FAUX;FAUX
985;0;3;;0;0;8,05;FAUX;1;VRAI;FAUX;FAUX
986;0;1;25;0;0;26;VRAI;1;FAUX;VRAI;FAUX
987;0;3;25;0;0;7,7958;VRAI;1;VRAI;FAUX;FAUX
988;1;1;76;1;0;78,85;VRAI;0;VRAI;FAUX;FAUX
989;0;3;29;0;0;7,925;VRAI;1;VRAI;FAUX;FAUX
990;1;3;20;0;0;7,8542;VRAI;0;VRAI;FAUX;FAUX
991;0;3;33;0;0;8,05;VRAI;1;VRAI;FAUX;FAUX
992;1;1;43;1;0;55,4417;VRAI;0;FAUX;VRAI;FAUX
993;0;2;27;1;0;26;VRAI;1;VRAI;FAUX;FAUX
994;0;3;;0;0;7,75;FAUX;1;FAUX;FAUX;VRAI
995;0;3;26;0;0;7,775;VRAI;1;VRAI;FAUX;FAUX
996;1;3;16;1;1;8,5167;VRAI;0;FAUX;VRAI;FAUX
997;0;3;28;0;0;22,525;VRAI;1;VRAI;FAUX;FAUX
998;0;3;21;0;0;7,8208;VRAI;1;FAUX;FAUX;VRAI
999;0;3;;0;0;7,75;FAUX;1;FAUX;FAUX;VRAI
1000;0;3;;0;0;8,7125;FAUX;1;VRAI;FAUX;FAUX
1001;0;2;18,5;0;0;13;VRAI;1;VRAI;FAUX;FAUX
1002;0;2;41;0;0;15,0458;VRAI;1;FAUX;VRAI;FAUX
1003;1;3;;0;0;7,7792;FAUX;0;FAUX;FAUX;VRAI
1004;1;1;36;0;0;31,6792;VRAI;0;FAUX;VRAI;FAUX
1005;1;3;18,5;0;0;7,2833;VRAI;0;FAUX;FAUX;VRAI
1006;1;1;63;1;0;221,7792;VRAI;0;VRAI;FAUX;FAUX
1007;0;3;18;1;0;14,4542;VRAI;1;FAUX;VRAI;FAUX
1008;0;3;;0;0;6,4375;FAUX;1;FAUX;VRAI;FAUX
1009;1;3;1;1;1;16,7;VRAI;0;VRAI;FAUX;FAUX
1010;0;1;36;0;0;75,2417;VRAI;1;FAUX;VRAI;FAUX
1011;1;2;29;1;0;26;VRAI;0;VRAI;FAUX;FAUX
1012;1;2;12;0;0;15,75;VRAI;0;VRAI;FAUX;FAUX
1013;0;3;;1;0;7,75;FAUX;1;FAUX;FAUX;VRAI
1014;1;1;35;1;0;57,75;VRAI;0;FAUX;VRAI;FAUX
1015;0;3;28;0;0;7,25;VRAI;1;VRAI;FAUX;FAUX
1016;0;3;;0;0;7,75;FAUX;1;FAUX;FAUX;VRAI
1017;1;3;17;0;1;16,1;VRAI;0;VRAI;FAUX;FAUX
1018;0;3;22;0;0;7,7958;VRAI;1;VRAI;FAUX;FAUX
1019;1;3;;2;0;23,25;FAUX;0;FAUX;FAUX;VRAI
1020;0;2;42;0;0;13;VRAI;1;VRAI;FAUX;FAUX
1021;0;3;24;0;0;8,05;VRAI;1;VRAI;FAUX;FAUX
1022;0;3;32;0;0;8,05;VRAI;1;VRAI;FAUX;FAUX
1023;0;1;53;0;0;28,5;VRAI;1;FAUX;VRAI;FAUX
1024;1;3;;0;4;25,4667;FAUX;0;VRAI;FAUX;FAUX
1025;0;3;;1;0;6,4375;FAUX;1;FAUX;VRAI;FAUX
1026;0;3;43;0;0;7,8958;VRAI;1;VRAI;FAUX;FAUX
1027;0;3;24;0;0;7,8542;VRAI;1;VRAI;FAUX;FAUX
1028;0;3;26,5;0;0;7,225;VRAI;1;FAUX;VRAI;FAUX
1029;0;2;26;0;0;13;VRAI;1;VRAI;FAUX;FAUX
1030;1;3;23;0;0;8,05;VRAI;0;VRAI;FAUX;FAUX
1031;0;3;40;1;6;46,9;VRAI;1;VRAI;FAUX;FAUX
1032;1;3;10;5;2;46,9;VRAI;0;VRAI;FAUX;FAUX
1033;1;1;33;0;0;151,55;VRAI;0;VRAI;FAUX;FAUX
1034;0;1;61;1;3;262,375;VRAI;1;FAUX;VRAI;FAUX
1035;0;2;28;0;0;26;VRAI;1;VRAI;FAUX;FAUX
1036;0;1;42;0;0;26,55;VRAI;1;VRAI;FAUX;FAUX
1037;0;3;31;3;0;18;VRAI;1;VRAI;FAUX;FAUX
1038;0;1;;0;0;51,8625;FAUX;1;VRAI;FAUX;FAUX
1039;0;3;22;0;0;8,05;VRAI;1;VRAI;FAUX;FAUX
1040;0;1;;0;0;26,55;FAUX;1;VRAI;FAUX;FAUX
1041;0;2;30;1;1;26;VRAI;1;VRAI;FAUX;FAUX
1042;1;1;23;0;1;83,1583;VRAI;0;FAUX;VRAI;FAUX
1043;0;3;;0;0;7,8958;FAUX;1;FAUX;VRAI;FAUX
1044;0;3;60,5;0;0;;VRAI;1;VRAI;FAUX;FAUX
1045;1;3;36;0;2;12,1833;VRAI;0;VRAI;FAUX;FAUX
1046;0;3;13;4;2;31,3875;VRAI;1;VRAI;FAUX;FAUX
1047;0;3;24;0;0;7,55;VRAI;1;VRAI;FAUX;FAUX
1048;1;1;29;0;0;221,7792;VRAI;0;VRAI;FAUX;FAUX
1049;1;3;23;0;0;7,8542;VRAI;0;VRAI;FAUX;FAUX
1050;0;1;42;0;0;26,55;VRAI;1;VRAI;FAUX;FAUX
1051;1;3;26;0;2;13,775;VRAI;0;VRAI;FAUX;FAUX
1052;1;3;;0;0;7,7333;FAUX;0;FAUX;FAUX;VRAI
1053;0;3;7;1;1;15,2458;VRAI;1;FAUX;VRAI;FAUX
1054;1;2;26;0;0;13,5;VRAI;0;VRAI;FAUX;FAUX
1055;0;3;;0;0;7;FAUX;1;VRAI;FAUX;FAUX
1056;0;2;41;0;0;13;VRAI;1;VRAI;FAUX;FAUX
1057;1;3;26;1;1;22,025;VRAI;0;VRAI;FAUX;FAUX
1058;0;1;48;0;0;50,4958;VRAI;1;FAUX;VRAI;FAUX
1059;0;3;18;2;2;34,375;VRAI;1;VRAI;FAUX;FAUX
1060;1;1;;0;0;27,7208;FAUX;0;FAUX;VRAI;FAUX
1061;1;3;22;0;0;8,9625;VRAI;0;VRAI;FAUX;FAUX
1062;0;3;;0;0;7,55;FAUX;1;VRAI;FAUX;FAUX
1063;0;3;27;0;0;7,225;VRAI;1;FAUX;VRAI;FAUX
1064;0;3;23;1;0;13,9;VRAI;1;VRAI;FAUX;FAUX
1065;0;3;;0;0;7,2292;FAUX;1;FAUX;VRAI;FAUX
1066;0;3;40;1;5;31,3875;VRAI;1;VRAI;FAUX;FAUX
1067;1;2;15;0;2;39;VRAI;0;VRAI;FAUX;FAUX
1068;1;2;20;0;0;36,75;VRAI;0;VRAI;FAUX;FAUX
1069;0;1;54;1;0;55,4417;VRAI;1;FAUX;VRAI;FAUX
1070;1;2;36;0;3;39;VRAI;0;VRAI;FAUX;FAUX
1071;1;1;64;0;2;83,1583;VRAI;0;FAUX;VRAI;FAUX
1072;0;2;30;0;0;13;VRAI;1;VRAI;FAUX;FAUX
1073;0;1;37;1;1;83,1583;VRAI;1;FAUX;VRAI;FAUX
1074;1;1;18;1;0;53,1;VRAI;0;VRAI;FAUX;FAUX
1075;0;3;;0;0;7,75;FAUX;1;FAUX;FAUX;VRAI
1076;1;1;27;1;1;247,5208;VRAI;0;FAUX;VRAI;FAUX
1077;0;2;40;0;0;16;VRAI;1;VRAI;FAUX;FAUX
1078;1;2;21;0;1;21;VRAI;0;VRAI;FAUX;FAUX
1079;0;3;17;2;0;8,05;VRAI;1;VRAI;FAUX;FAUX
1080;1;3;;8;2;69,55;FAUX;0;VRAI;FAUX;FAUX
1081;0;2;40;0;0;13;VRAI;1;VRAI;FAUX;FAUX
1082;0;2;34;1;0;26;VRAI;1;VRAI;FAUX;FAUX
1083;0;1;;0;0;26;FAUX;1;VRAI;FAUX;FAUX
1084;0;3;11,5;1;1;14,5;VRAI;1;VRAI;FAUX;FAUX
1085;0;2;61;0;0;12,35;VRAI;1;FAUX;FAUX;VRAI
1086;0;2;8;0;2;32,5;VRAI;1;VRAI;FAUX;FAUX
1087;0;3;33;0;0;7,8542;VRAI;1;VRAI;FAUX;FAUX
1088;0;1;6;0;2;134,5;VRAI;1;FAUX;VRAI;FAUX
1089;1;3;18;0;0;7,775;VRAI;0;VRAI;FAUX;FAUX
1090;0;2;23;0;0;10,5;VRAI;1;VRAI;FAUX;FAUX
1091;1;3;;0;0;8,1125;FAUX;0;VRAI;FAUX;FAUX
1092;1;3;;0;0;15,5;FAUX;0;FAUX;FAUX;VRAI
1093;0;3;0,33;0;2;14,4;VRAI;1;VRAI;FAUX;FAUX
1094;0;1;47;1;0;227,525;VRAI;1;FAUX;VRAI;FAUX
1095;1;2;8;1;1;26;VRAI;0;VRAI;FAUX;FAUX
1096;0;2;25;0;0;10,5;VRAI;1;VRAI;FAUX;FAUX
1097;0;1;;0;0;25,7417;FAUX;1;FAUX;VRAI;FAUX
1098;1;3;35;0;0;7,75;VRAI;0;FAUX;FAUX;VRAI
1099;0;2;24;0;0;10,5;VRAI;1;VRAI;FAUX;FAUX
1100;1;1;33;0;0;27,7208;VRAI;0;FAUX;VRAI;FAUX
1101;0;3;25;0;0;7,8958;VRAI;1;VRAI;FAUX;FAUX
1102;0;3;32;0;0;22,525;VRAI;1;VRAI;FAUX;FAUX
1103;0;3;;0;0;7,05;FAUX;1;VRAI;FAUX;FAUX
1104;0;2;17;0;0;73,5;VRAI;1;VRAI;FAUX;FAUX
1105;1;2;60;1;0;26;VRAI;0;VRAI;FAUX;FAUX
1106;1;3;38;4;2;7,775;VRAI;0;VRAI;FAUX;FAUX
1107;0;1;42;0;0;42,5;VRAI;1;VRAI;FAUX;FAUX
1108;1;3;;0;0;7,8792;FAUX;0;FAUX;FAUX;VRAI
1109;0;1;57;1;1;164,8667;VRAI;1;VRAI;FAUX;FAUX
1110;1;1;50;1;1;211,5;VRAI;0;FAUX;VRAI;FAUX
1111;0;3;;0;0;8,05;FAUX;1;VRAI;FAUX;FAUX
1112;1;2;30;1;0;13,8583;VRAI;0;FAUX;VRAI;FAUX
1113;0;3;21;0;0;8,05;VRAI;1;VRAI;FAUX;FAUX
1114;1;2;22;0;0;10,5;VRAI;0;VRAI;FAUX;FAUX
1115;0;3;21;0;0;7,7958;VRAI;1;VRAI;FAUX;FAUX
1116;1;1;53;0;0;27,4458;VRAI;0;FAUX;VRAI;FAUX
1117;1;3;;0;2;15,2458;FAUX;0;FAUX;VRAI;FAUX
1118;0;3;23;0;0;7,7958;VRAI;1;VRAI;FAUX;FAUX
1119;1;3;;0;0;7,75;FAUX;0;FAUX;FAUX;VRAI
1120;0;3;40,5;0;0;15,1;VRAI;1;VRAI;FAUX;FAUX
1121;0;2;36;0;0;13;VRAI;1;VRAI;FAUX;FAUX
1122;0;2;14;0;0;65;VRAI;1;VRAI;FAUX;FAUX
1123;1;1;21;0;0;26,55;VRAI;0;VRAI;FAUX;FAUX
1124;0;3;21;1;0;6,4958;VRAI;1;VRAI;FAUX;FAUX
1125;0;3;;0;0;7,8792;FAUX;1;FAUX;FAUX;VRAI
1126;0;1;39;1;0;71,2833;VRAI;1;FAUX;VRAI;FAUX
1127;0;3;20;0;0;7,8542;VRAI;1;VRAI;FAUX;FAUX
1128;0;1;64;1;0;75,25;VRAI;1;FAUX;VRAI;FAUX
1129;0;3;20;0;0;7,225;VRAI;1;FAUX;VRAI;FAUX
1130;1;2;18;1;1;13;VRAI;0;VRAI;FAUX;FAUX
1131;1;1;48;1;0;106,425;VRAI;0;FAUX;VRAI;FAUX
1132;1;1;55;0;0;27,7208;VRAI;0;FAUX;VRAI;FAUX
1133;1;2;45;0;2;30;VRAI;0;VRAI;FAUX;FAUX
1134;0;1;45;1;1;134,5;VRAI;1;FAUX;VRAI;FAUX
1135;0;3;;0;0;7,8875;FAUX;1;VRAI;FAUX;FAUX
1136;0;3;;1;2;23,45;FAUX;1;VRAI;FAUX;FAUX
1137;0;1;41;1;0;51,8625;VRAI;1;VRAI;FAUX;FAUX
1138;1;2;22;0;0;21;VRAI;0;VRAI;FAUX;FAUX
1139;0;2;42;1;1;32,5;VRAI;1;VRAI;FAUX;FAUX
1140;1;2;29;1;0;26;VRAI;0;VRAI;FAUX;FAUX
1141;1;3;;1;0;14,4542;FAUX;0;FAUX;VRAI;FAUX
1142;1;2;0,92;1;2;27,75;VRAI;0;VRAI;FAUX;FAUX
1143;0;3;20;0;0;7,925;VRAI;1;VRAI;FAUX;FAUX
1144;0;1;27;1;0;136,7792;VRAI;1;FAUX;VRAI;FAUX
1145;0;3;24;0;0;9,325;VRAI;1;VRAI;FAUX;FAUX
1146;0;3;32,5;0;0;9,5;VRAI;1;VRAI;FAUX;FAUX
1147;0;3;;0;0;7,55;FAUX;1;VRAI;FAUX;FAUX
1148;0;3;;0;0;7,75;FAUX;1;FAUX;FAUX;VRAI
1149;0;3;28;0;0;8,05;VRAI;1;VRAI;FAUX;FAUX
1150;1;2;19;0;0;13;VRAI;0;VRAI;FAUX;FAUX
1151;0;3;21;0;0;7,775;VRAI;1;VRAI;FAUX;FAUX
1152;0;3;36,5;1;0;17,4;VRAI;1;VRAI;FAUX;FAUX
1153;0;3;21;0;0;7,8542;VRAI;1;VRAI;FAUX;FAUX
1154;1;2;29;0;2;23;VRAI;0;VRAI;FAUX;FAUX
1155;1;3;1;1;1;12,1833;VRAI;0;VRAI;FAUX;FAUX
1156;0;2;30;0;0;12,7375;VRAI;1;FAUX;VRAI;FAUX
1157;0;3;;0;0;7,8958;FAUX;1;VRAI;FAUX;FAUX
1158;0;1;;0;0;0;FAUX;1;VRAI;FAUX;FAUX
1159;0;3;;0;0;7,55;FAUX;1;VRAI;FAUX;FAUX
1160;1;3;;0;0;8,05;FAUX;0;VRAI;FAUX;FAUX
1161;0;3;17;0;0;8,6625;VRAI;1;VRAI;FAUX;FAUX
1162;0;1;46;0;0;75,2417;VRAI;1;FAUX;VRAI;FAUX
1163;0;3;;0;0;7,75;FAUX;1;FAUX;FAUX;VRAI
1164;1;1;26;1;0;136,7792;VRAI;0;FAUX;VRAI;FAUX
1165;1;3;;1;0;15,5;FAUX;0;FAUX;FAUX;VRAI
1166;0;3;;0;0;7,225;FAUX;1;FAUX;VRAI;FAUX
1167;1;2;20;1;0;26;VRAI;0;VRAI;FAUX;FAUX
1168;0;2;28;0;0;10,5;VRAI;1;VRAI;FAUX;FAUX
1169;0;2;40;1;0;26;VRAI;1;VRAI;FAUX;FAUX
1170;0;2;30;1;0;21;VRAI;1;VRAI;FAUX;FAUX
1171;0;2;22;0;0;10,5;VRAI;1;VRAI;FAUX;FAUX
1172;1;3;23;0;0;8,6625;VRAI;0;VRAI;FAUX;FAUX
1173;0;3;0,75;1;1;13,775;VRAI;1;VRAI;FAUX;FAUX
1174;1;3;;0;0;7,75;FAUX;0;FAUX;FAUX;VRAI
1175;1;3;9;1;1;15,2458;VRAI;0;FAUX;VRAI;FAUX
1176;1;3;2;1;1;20,2125;VRAI;0;VRAI;FAUX;FAUX
1177;0;3;36;0;0;7,25;VRAI;1;VRAI;FAUX;FAUX
1178;0;3;;0;0;7,25;FAUX;1;VRAI;FAUX;FAUX
1179;0;1;24;1;0;82,2667;VRAI;1;VRAI;FAUX;FAUX
1180;0;3;;0;0;7,2292;FAUX;1;FAUX;VRAI;FAUX
1181;0;3;;0;0;8,05;FAUX;1;VRAI;FAUX;FAUX
1182;0;1;;0;0;39,6;FAUX;1;VRAI;FAUX;FAUX
1183;1;3;30;0;0;6,95;VRAI;0;FAUX;FAUX;VRAI
1184;0;3;;0;0;7,2292;FAUX;1;FAUX;VRAI;FAUX
1185;0;1;53;1;1;81,8583;VRAI;1;VRAI;FAUX;FAUX
1186;0;3;36;0;0;9,5;VRAI;1;VRAI;FAUX;FAUX
1187;0;3;26;0;0;7,8958;VRAI;1;VRAI;FAUX;FAUX
1188;1;2;1;1;2;41,5792;VRAI;0;FAUX;VRAI;FAUX
1189;0;3;;2;0;21,6792;FAUX;1;FAUX;VRAI;FAUX
1190;0;1;30;0;0;45,5;VRAI;1;VRAI;FAUX;FAUX
1191;0;3;29;0;0;7,8542;VRAI;1;VRAI;FAUX;FAUX
1192;0;3;32;0;0;7,775;VRAI;1;VRAI;FAUX;FAUX
1193;0;2;;0;0;15,0458;FAUX;1;FAUX;VRAI;FAUX
1194;0;2;43;0;1;21;VRAI;1;VRAI;FAUX;FAUX
1195;0;3;24;0;0;8,6625;VRAI;1;VRAI;FAUX;FAUX
1196;1;3;;0;0;7,75;FAUX;0;FAUX;FAUX;VRAI
1197;1;1;64;1;1;26,55;VRAI;0;VRAI;FAUX;FAUX
1198;0;1;30;1;2;151,55;VRAI;1;VRAI;FAUX;FAUX
1199;0;3;0,83;0;1;9,35;VRAI;1;VRAI;FAUX;FAUX
1200;0;1;55;1;1;93,5;VRAI;1;VRAI;FAUX;FAUX
1201;1;3;45;1;0;14,1083;VRAI;0;VRAI;FAUX;FAUX
1202;0;3;18;0;0;8,6625;VRAI;1;VRAI;FAUX;FAUX
1203;0;3;22;0;0;7,225;VRAI;1;FAUX;VRAI;FAUX
1204;0;3;;0;0;7,575;FAUX;1;VRAI;FAUX;FAUX
1205;1;3;37;0;0;7,75;VRAI;0;FAUX;FAUX;VRAI
1206;1;1;55;0;0;135,6333;VRAI;0;FAUX;VRAI;FAUX
1207;1;3;17;0;0;7,7333;VRAI;0;FAUX;FAUX;VRAI
1208;0;1;57;1;0;146,5208;VRAI;1;FAUX;VRAI;FAUX
1209;0;2;19;0;0;10,5;VRAI;1;VRAI;FAUX;FAUX
1210;0;3;27;0;0;7,8542;VRAI;1;VRAI;FAUX;FAUX
1211;0;2;22;2;0;31,5;VRAI;1;VRAI;FAUX;FAUX
1212;0;3;26;0;0;7,775;VRAI;1;VRAI;FAUX;FAUX
1213;0;3;25;0;0;7,2292;VRAI;1;FAUX;VRAI;FAUX
1214;0;2;26;0;0;13;VRAI;1;VRAI;FAUX;FAUX
1215;0;1;33;0;0;26,55;VRAI;1;VRAI;FAUX;FAUX
1216;1;1;39;0;0;211,3375;VRAI;0;VRAI;FAUX;FAUX
1217;0;3;23;0;0;7,05;VRAI;1;VRAI;FAUX;FAUX
1218;1;2;12;2;1;39;VRAI;0;VRAI;FAUX;FAUX
1219;0;1;46;0;0;79,2;VRAI;1;FAUX;VRAI;FAUX
1220;0;2;29;1;0;26;VRAI;1;VRAI;FAUX;FAUX
1221;0;2;21;0;0;13;VRAI;1;VRAI;FAUX;FAUX
1222;1;2;48;0;2;36,75;VRAI;0;VRAI;FAUX;FAUX
1223;0;1;39;0;0;29,7;VRAI;1;FAUX;VRAI;FAUX
1224;0;3;;0;0;7,225;FAUX;1;FAUX;VRAI;FAUX
1225;1;3;19;1;1;15,7417;VRAI;0;FAUX;VRAI;FAUX
1226;0;3;27;0;0;7,8958;VRAI;1;VRAI;FAUX;FAUX
1227;0;1;30;0;0;26;VRAI;1;VRAI;FAUX;FAUX
1228;0;2;32;0;0;13;VRAI;1;VRAI;FAUX;FAUX
1229;0;3;39;0;2;7,2292;VRAI;1;FAUX;VRAI;FAUX
1230;0;2;25;0;0;31,5;VRAI;1;VRAI;FAUX;FAUX
1231;0;3;;0;0;7,2292;FAUX;1;FAUX;VRAI;FAUX
1232;0;2;18;0;0;10,5;VRAI;1;VRAI;FAUX;FAUX
1233;0;3;32;0;0;7,5792;VRAI;1;VRAI;FAUX;FAUX
1234;0;3;;1;9;69,55;FAUX;1;VRAI;FAUX;FAUX
1235;1;1;58;0;1;512,3292;VRAI;0;FAUX;VRAI;FAUX
1236;0;3;;1;1;14,5;FAUX;1;VRAI;FAUX;FAUX
1237;1;3;16;0;0;7,65;VRAI;0;VRAI;FAUX;FAUX
1238;0;2;26;0;0;13;VRAI;1;VRAI;FAUX;FAUX
1239;1;3;38;0;0;7,2292;VRAI;0;FAUX;VRAI;FAUX
1240;0;2;24;0;0;13,5;VRAI;1;VRAI;FAUX;FAUX
1241;1;2;31;0;0;21;VRAI;0;VRAI;FAUX;FAUX
1242;1;1;45;0;1;63,3583;VRAI;0;FAUX;VRAI;FAUX
1243;0;2;25;0;0;10,5;VRAI;1;VRAI;FAUX;FAUX
1244;0;2;18;0;0;73,5;VRAI;1;VRAI;FAUX;FAUX
1245;0;2;49;1;2;65;VRAI;1;VRAI;FAUX;FAUX
1246;1;3;0,17;1;2;20,575;VRAI;0;VRAI;FAUX;FAUX
1247;0;1;50;0;0;26;VRAI;1;VRAI;FAUX;FAUX
1248;1;1;59;2;0;51,4792;VRAI;0;VRAI;FAUX;FAUX
1249;0;3;;0;0;7,8792;FAUX;1;VRAI;FAUX;FAUX
1250;0;3;;0;0;7,75;FAUX;1;FAUX;FAUX;VRAI
1251;1;3;30;1;0;15,55;VRAI;0;VRAI;FAUX;FAUX
1252;0;3;14,5;8;2;69,55;VRAI;1;VRAI;FAUX;FAUX
1253;1;2;24;1;1;37,0042;VRAI;0;FAUX;VRAI;FAUX
1254;1;2;31;0;0;21;VRAI;0;VRAI;FAUX;FAUX
1255;0;3;27;0;0;8,6625;VRAI;1;VRAI;FAUX;FAUX
1256;1;1;25;1;0;55,4417;VRAI;0;FAUX;VRAI;FAUX
1257;1;3;;1;9;69,55;FAUX;0;VRAI;FAUX;FAUX
1258;0;3;;1;0;14,4583;FAUX;1;FAUX;VRAI;FAUX
1259;1;3;22;0;0;39,6875;VRAI;0;VRAI;FAUX;FAUX
1260;1;1;45;0;1;59,4;VRAI;0;FAUX;VRAI;FAUX
1261;0;2;29;0;0;13,8583;VRAI;1;FAUX;VRAI;FAUX
1262;0;2;21;1;0;11,5;VRAI;1;VRAI;FAUX;FAUX
1263;1;1;31;0;0;134,5;VRAI;0;FAUX;VRAI;FAUX
1264;0;1;49;0;0;0;VRAI;1;VRAI;FAUX;FAUX
1265;0;2;44;0;0;13;VRAI;1;VRAI;FAUX;FAUX
1266;1;1;54;1;1;81,8583;VRAI;0;VRAI;FAUX;FAUX
1267;1;1;45;0;0;262,375;VRAI;0;FAUX;VRAI;FAUX
1268;1;3;22;2;0;8,6625;VRAI;0;VRAI;FAUX;FAUX
1269;0;2;21;0;0;11,5;VRAI;1;VRAI;FAUX;FAUX
1270;0;1;55;0;0;50;VRAI;1;VRAI;FAUX;FAUX
1271;0;3;5;4;2;31,3875;VRAI;1;VRAI;FAUX;FAUX
1272;0;3;;0;0;7,75;FAUX;1;FAUX;FAUX;VRAI
1273;0;3;26;0;0;7,8792;VRAI;1;FAUX;FAUX;VRAI
1274;1;3;;0;0;14,5;FAUX;0;VRAI;FAUX;FAUX
1275;1;3;19;1;0;16,1;VRAI;0;VRAI;FAUX;FAUX
1276;0;2;;0;0;12,875;FAUX;1;VRAI;FAUX;FAUX
1277;1;2;24;1;2;65;VRAI;0;VRAI;FAUX;FAUX
1278;0;3;24;0;0;7,775;VRAI;1;VRAI;FAUX;FAUX
1279;0;2;57;0;0;13;VRAI;1;VRAI;FAUX;FAUX
1280;0;3;21;0;0;7,75;VRAI;1;FAUX;FAUX;VRAI
1281;0;3;6;3;1;21,075;VRAI;1;VRAI;FAUX;FAUX
1282;0;1;23;0;0;93,5;VRAI;1;VRAI;FAUX;FAUX
1283;1;1;51;0;1;39,4;VRAI;0;VRAI;FAUX;FAUX
1284;0;3;13;0;2;20,25;VRAI;1;VRAI;FAUX;FAUX
1285;0;2;47;0;0;10,5;VRAI;1;VRAI;FAUX;FAUX
1286;0;3;29;3;1;22,025;VRAI;1;VRAI;FAUX;FAUX
1287;1;1;18;1;0;60;VRAI;0;VRAI;FAUX;FAUX
1288;0;3;24;0;0;7,25;VRAI;1;FAUX;FAUX;VRAI
1289;1;1;48;1;1;79,2;VRAI;0;FAUX;VRAI;FAUX
1290;0;3;22;0;0;7,775;VRAI;1;VRAI;FAUX;FAUX
1291;0;3;31;0;0;7,7333;VRAI;1;FAUX;FAUX;VRAI
1292;1;1;30;0;0;164,8667;VRAI;0;VRAI;FAUX;FAUX
1293;0;2;38;1;0;21;VRAI;1;VRAI;FAUX;FAUX
1294;1;1;22;0;1;59,4;VRAI;0;FAUX;VRAI;FAUX
1295;0;1;17;0;0;47,1;VRAI;1;VRAI;FAUX;FAUX
1296;0;1;43;1;0;27,7208;VRAI;1;FAUX;VRAI;FAUX
1297;0;2;20;0;0;13,8625;VRAI;1;FAUX;VRAI;FAUX
1298;0;2;23;1;0;10,5;VRAI;1;VRAI;FAUX;FAUX
1299;0;1;50;1;1;211,5;VRAI;1;FAUX;VRAI;FAUX
1300;1;3;;0;0;7,7208;FAUX;0;FAUX;FAUX;VRAI
1301;1;3;3;1;1;13,775;VRAI;0;VRAI;FAUX;FAUX
1302;1;3;;0;0;7,75;FAUX;0;FAUX;FAUX;VRAI
1303;1;1;37;1;0;90;VRAI;0;FAUX;FAUX;VRAI
1304;1;3;28;0;0;7,775;VRAI;0;VRAI;FAUX;FAUX
1305;0;3;;0;0;8,05;FAUX;1;VRAI;FAUX;FAUX
1306;1;1;39;0;0;108,9;VRAI;0;FAUX;VRAI;FAUX
1307;0;3;38,5;0;0;7,25;VRAI;1;VRAI;FAUX;FAUX
1308;0;3;;0;0;8,05;FAUX;1;VRAI;FAUX;FAUX
1309;0;3;;1;1;22,3583;FAUX;1;FAUX;VRAI;FAUX
